,t,channel,roi_name,mean,cell_count
0,0,0,roi_bac,91.44256,5351
1,0,0,roi_dic,116.81995,3173
2,0,0,roi_air,94.12132,1
3,0,1,roi_bac,68.24556,1
4,0,1,roi_dic,70.01404,1896
5,0,1,roi_air,68.49831,0
6,1,0,roi_bac,91.87265,5331
7,1,0,roi_dic,113.45504,4313
8,1,0,roi_air,94.101776,1
9,1,1,roi_bac,68.22114,1
10,1,1,roi_dic,69.97832,1947
11,1,1,roi_air,68.476074,0
12,2,0,roi_bac,92.241875,5462
13,2,0,roi_dic,112.38841,4985
14,2,0,roi_air,94.26195,1
15,2,1,roi_bac,68.23591,1
16,2,1,roi_dic,69.956,2012
17,2,1,roi_air,68.46459,0
18,3,0,roi_bac,92.20242,5485
19,3,0,roi_dic,111.276,5753
20,3,0,roi_air,94.120384,1
21,3,1,roi_bac,68.21709,1
22,3,1,roi_dic,69.94415,2039
23,3,1,roi_air,68.43702,0
24,4,0,roi_bac,92.3646,5421
25,4,0,roi_dic,110.87398,6111
26,4,0,roi_air,94.261536,1
27,4,1,roi_bac,68.21481,1
28,4,1,roi_dic,69.96016,1997
29,4,1,roi_air,68.48433,0
30,5,0,roi_bac,92.24463,5373
31,5,0,roi_dic,110.012985,6538
32,5,0,roi_air,94.03533,1
33,5,1,roi_bac,68.19878,1
34,5,1,roi_dic,69.92869,1975
35,5,1,roi_air,68.451035,0
36,6,0,roi_bac,92.62804,5329
37,6,0,roi_dic,110.02608,6779
38,6,0,roi_air,94.531,1
39,6,1,roi_bac,68.18792,1
40,6,1,roi_dic,69.93387,2106
41,6,1,roi_air,68.45116,0
42,7,0,roi_bac,92.51932,5371
43,7,0,roi_dic,109.23527,7026
44,7,0,roi_air,94.36716,1
45,7,1,roi_bac,68.176186,1
46,7,1,roi_dic,69.89938,2014
47,7,1,roi_air,68.436874,0
48,8,0,roi_bac,92.600525,5243
49,8,0,roi_dic,108.907906,7132
50,8,0,roi_air,94.471924,1
51,8,1,roi_bac,68.20094,1
52,8,1,roi_dic,69.94707,2058
53,8,1,roi_air,68.45784,1
54,9,0,roi_bac,92.58015,5272
55,9,0,roi_dic,108.115425,7371
56,9,0,roi_air,94.40984,1
57,9,1,roi_bac,68.16864,1
58,9,1,roi_dic,69.89743,2140
59,9,1,roi_air,68.43898,0
60,10,0,roi_bac,92.69899,5196
61,10,0,roi_dic,107.93038,7374
62,10,0,roi_air,94.568405,1
63,10,1,roi_bac,68.17841,1
64,10,1,roi_dic,69.92661,2218
65,10,1,roi_air,68.45115,1
66,11,0,roi_bac,92.59522,5056
67,11,0,roi_dic,107.26126,7400
68,11,0,roi_air,94.420364,1
69,11,1,roi_bac,68.18602,1
70,11,1,roi_dic,69.91081,2183
71,11,1,roi_air,68.41359,0
72,12,0,roi_bac,92.6982,4955
73,12,0,roi_dic,106.82798,7497
74,12,0,roi_air,94.54888,1
75,12,1,roi_bac,68.17386,1
76,12,1,roi_dic,69.942055,2262
77,12,1,roi_air,68.42943,0
78,13,0,roi_bac,92.52475,4936
79,13,0,roi_dic,106.226555,7371
80,13,0,roi_air,94.39089,1
81,13,1,roi_bac,68.161545,1
82,13,1,roi_dic,69.95463,2239
83,13,1,roi_air,68.38511,0
84,14,0,roi_bac,92.513626,4784
85,14,0,roi_dic,105.86424,7415
86,14,0,roi_air,94.42122,1
87,14,1,roi_bac,68.15789,1
88,14,1,roi_dic,69.948906,2320
89,14,1,roi_air,68.411095,0
90,15,0,roi_bac,92.37666,4751
91,15,0,roi_dic,105.25843,7399
92,15,0,roi_air,94.30811,1
93,15,1,roi_bac,68.14405,1
94,15,1,roi_dic,69.96052,2296
95,15,1,roi_air,68.38458,0
96,16,0,roi_bac,92.37799,4531
97,16,0,roi_dic,104.888115,7445
98,16,0,roi_air,94.27032,1
99,16,1,roi_bac,68.15201,1
100,16,1,roi_dic,69.99909,2322
101,16,1,roi_air,68.407776,1
102,17,0,roi_bac,92.16323,4506
103,17,0,roi_dic,104.07127,7417
104,17,0,roi_air,94.10315,1
105,17,1,roi_bac,68.13154,1
106,17,1,roi_dic,70.001686,2349
107,17,1,roi_air,68.38638,1
108,18,0,roi_bac,92.27875,4434
109,18,0,roi_dic,103.92759,7358
110,18,0,roi_air,94.197296,1
111,18,1,roi_bac,68.15546,1
112,18,1,roi_dic,70.06317,2295
113,18,1,roi_air,68.4084,0
114,19,0,roi_bac,92.005875,4364
115,19,0,roi_dic,103.14682,7224
116,19,0,roi_air,93.99083,1
117,19,1,roi_bac,68.156296,1
118,19,1,roi_dic,70.08361,2355
119,19,1,roi_air,68.40392,0
120,20,0,roi_bac,92.00224,4274
121,20,0,roi_dic,102.72536,7211
122,20,0,roi_air,93.985435,1
123,20,1,roi_bac,68.15001,1
124,20,1,roi_dic,70.10274,2364
125,20,1,roi_air,68.404884,1
126,21,0,roi_bac,91.80644,4233
127,21,0,roi_dic,102.03881,7250
128,21,0,roi_air,93.77105,1
129,21,1,roi_bac,68.14075,1
130,21,1,roi_dic,70.11934,2415
131,21,1,roi_air,68.35872,0
132,22,0,roi_bac,91.775085,4066
133,22,0,roi_dic,101.67636,6946
134,22,0,roi_air,93.70248,1
135,22,1,roi_bac,68.12723,1
136,22,1,roi_dic,70.12377,2376
137,22,1,roi_air,68.38907,0
138,23,0,roi_bac,91.829384,4170
139,23,0,roi_dic,101.27585,7056
140,23,0,roi_air,93.771904,1
141,23,1,roi_bac,68.12416,1
142,23,1,roi_dic,70.15669,2392
143,23,1,roi_air,68.376755,0
144,24,0,roi_bac,91.68361,4122
145,24,0,roi_dic,100.74834,7110
146,24,0,roi_air,93.63215,1
147,24,1,roi_bac,68.135216,1
148,24,1,roi_dic,70.19775,2484
149,24,1,roi_air,68.37841,0
150,25,0,roi_bac,91.68247,4079
151,25,0,roi_dic,100.49899,6894
152,25,0,roi_air,93.6766,1
153,25,1,roi_bac,68.131714,1
154,25,1,roi_dic,70.20823,2474
155,25,1,roi_air,68.37101,0
156,26,0,roi_bac,91.421906,3970
157,26,0,roi_dic,99.86818,6857
158,26,0,roi_air,93.37649,1
159,26,1,roi_bac,68.107666,1
160,26,1,roi_dic,70.18266,2454
161,26,1,roi_air,68.36039,0
162,27,0,roi_bac,91.41833,3829
163,27,0,roi_dic,99.61074,6620
164,27,0,roi_air,93.367805,1
165,27,1,roi_bac,68.116264,1
166,27,1,roi_dic,70.22772,2526
167,27,1,roi_air,68.360794,0
168,28,0,roi_bac,91.19349,3879
169,28,0,roi_dic,99.086945,6761
170,28,0,roi_air,93.15007,1
171,28,1,roi_bac,68.09441,1
172,28,1,roi_dic,70.22584,2448
173,28,1,roi_air,68.335655,0
174,29,0,roi_bac,91.17926,3781
175,29,0,roi_dic,98.93195,6648
176,29,0,roi_air,93.15407,1
177,29,1,roi_bac,68.0987,1
178,29,1,roi_dic,70.27638,2537
179,29,1,roi_air,68.35677,0
180,30,0,roi_bac,90.93201,3734
181,30,0,roi_dic,98.42356,6475
182,30,0,roi_air,92.93932,1
183,30,1,roi_bac,68.13607,1
184,30,1,roi_dic,70.2799,2566
185,30,1,roi_air,68.39854,0
186,31,0,roi_bac,90.95243,3904
187,31,0,roi_dic,98.28447,6538
188,31,0,roi_air,92.90133,1
189,31,1,roi_bac,68.11179,1
190,31,1,roi_dic,70.27707,2601
191,31,1,roi_air,68.34991,0
192,32,0,roi_bac,90.68882,3710
193,32,0,roi_dic,97.9233,6484
194,32,0,roi_air,92.635056,1
195,32,1,roi_bac,68.092545,1
196,32,1,roi_dic,70.22794,2607
197,32,1,roi_air,68.30809,0
198,33,0,roi_bac,90.62162,3656
199,33,0,roi_dic,97.7314,6488
200,33,0,roi_air,92.60408,1
201,33,1,roi_bac,68.09169,1
202,33,1,roi_dic,70.24917,2561
203,33,1,roi_air,68.33657,0
204,34,0,roi_bac,90.37297,3638
205,34,0,roi_dic,97.30487,6381
206,34,0,roi_air,92.39841,1
207,34,1,roi_bac,68.09968,1
208,34,1,roi_dic,70.26467,2566
209,34,1,roi_air,68.33414,0
210,35,0,roi_bac,90.319145,3514
211,35,0,roi_dic,97.14132,6413
212,35,0,roi_air,92.39034,1
213,35,1,roi_bac,68.103096,1
214,35,1,roi_dic,70.29758,2619
215,35,1,roi_air,68.35111,0
216,36,0,roi_bac,90.096855,3484
217,36,0,roi_dic,96.85497,6314
218,36,0,roi_air,92.12575,1
219,36,1,roi_bac,68.10761,1
220,36,1,roi_dic,70.27997,2489
221,36,1,roi_air,68.33903,0
222,37,0,roi_bac,89.914474,3463
223,37,0,roi_dic,96.43056,6364
224,37,0,roi_air,91.966446,1
225,37,1,roi_bac,68.08942,1
226,37,1,roi_dic,70.27165,2421
227,37,1,roi_air,68.31971,0
228,38,0,roi_bac,89.760796,3432
229,38,0,roi_dic,96.149536,6189
230,38,0,roi_air,91.82061,1
231,38,1,roi_bac,68.0876,1
232,38,1,roi_dic,70.27433,2553
233,38,1,roi_air,68.32439,1
234,39,0,roi_bac,89.625946,3432
235,39,0,roi_dic,95.80542,6168
236,39,0,roi_air,91.62912,1
237,39,1,roi_bac,68.07854,1
238,39,1,roi_dic,70.30893,2385
239,39,1,roi_air,68.32355,0
240,40,0,roi_bac,89.60331,3334
241,40,0,roi_dic,95.63864,5997
242,40,0,roi_air,91.642105,1
243,40,1,roi_bac,68.09284,1
244,40,1,roi_dic,70.32632,2414
245,40,1,roi_air,68.3435,0
246,41,0,roi_bac,84.51578,3452
247,41,0,roi_dic,90.58251,6140
248,41,0,roi_air,86.31557,1
249,41,1,roi_bac,68.06311,1
250,41,1,roi_dic,70.313774,2377
251,41,1,roi_air,68.29832,0
252,42,0,roi_bac,84.40261,3365
253,42,0,roi_dic,90.34353,6096
254,42,0,roi_air,86.1605,1
255,42,1,roi_bac,68.09035,1
256,42,1,roi_dic,70.37987,2394
257,42,1,roi_air,68.33217,0
258,43,0,roi_bac,84.31222,3246
259,43,0,roi_dic,90.008606,5944
260,43,0,roi_air,86.023544,1
261,43,1,roi_bac,68.06316,1
262,43,1,roi_dic,70.371704,2354
263,43,1,roi_air,68.28762,0
264,44,0,roi_bac,84.15295,3298
265,44,0,roi_dic,89.67213,5896
266,44,0,roi_air,85.851845,1
267,44,1,roi_bac,68.076096,1
268,44,1,roi_dic,70.413704,2453
269,44,1,roi_air,68.31616,0
270,45,0,roi_bac,84.12788,3215
271,45,0,roi_dic,89.59346,5806
272,45,0,roi_air,85.85736,1
273,45,1,roi_bac,68.05381,1
274,45,1,roi_dic,70.43809,2359
275,45,1,roi_air,68.302666,0
276,46,0,roi_bac,84.03394,3197
277,46,0,roi_dic,89.313416,5747
278,46,0,roi_air,85.73119,1
279,46,1,roi_bac,68.0853,1
280,46,1,roi_dic,70.47952,2448
281,46,1,roi_air,68.327774,0
282,47,0,roi_bac,83.98371,3182
283,47,0,roi_dic,89.16849,5490
284,47,0,roi_air,85.69311,1
285,47,1,roi_bac,68.05268,1
286,47,1,roi_dic,70.490395,2441
287,47,1,roi_air,68.336975,0
288,48,0,roi_bac,83.89423,3142
289,48,0,roi_dic,88.90105,5502
290,48,0,roi_air,85.5481,2
291,48,1,roi_bac,68.07364,1
292,48,1,roi_dic,70.527985,2297
293,48,1,roi_air,68.344795,0
294,49,0,roi_bac,83.8967,3116
295,49,0,roi_dic,88.82012,5360
296,49,0,roi_air,85.55518,1
297,49,1,roi_bac,68.07197,1
298,49,1,roi_dic,70.552986,2256
299,49,1,roi_air,68.28488,0
300,50,0,roi_bac,83.779564,3125
301,50,0,roi_dic,88.585655,5301
302,50,0,roi_air,85.39158,1
303,50,1,roi_bac,68.05874,1
304,50,1,roi_dic,70.595856,2201
305,50,1,roi_air,68.314384,1
306,51,0,roi_bac,83.68451,3063
307,51,0,roi_dic,88.36248,5179
308,51,0,roi_air,85.29729,1
309,51,1,roi_bac,68.05855,1
310,51,1,roi_dic,70.62476,2030
311,51,1,roi_air,68.31105,0
312,52,0,roi_bac,83.678314,3034
313,52,0,roi_dic,88.298584,5101
314,52,0,roi_air,85.2837,1
315,52,1,roi_bac,68.08435,1
316,52,1,roi_dic,70.694275,1850
317,52,1,roi_air,68.33789,0
318,53,0,roi_bac,83.557686,2991
319,53,0,roi_dic,88.08428,5132
320,53,0,roi_air,85.14125,1
321,53,1,roi_bac,68.048805,1
322,53,1,roi_dic,70.7298,1706
323,53,1,roi_air,68.290085,0
324,54,0,roi_bac,83.54694,2999
325,54,0,roi_dic,88.03788,5034
326,54,0,roi_air,85.11969,1
327,54,1,roi_bac,68.04136,1
328,54,1,roi_dic,70.77462,1548
329,54,1,roi_air,68.2623,1
330,55,0,roi_bac,83.3816,2944
331,55,0,roi_dic,87.76788,5067
332,55,0,roi_air,84.9365,1
333,55,1,roi_bac,68.04664,1
334,55,1,roi_dic,70.8565,1444
335,55,1,roi_air,68.295235,0
336,56,0,roi_bac,83.40051,2940
337,56,0,roi_dic,87.707825,5097
338,56,0,roi_air,84.93506,1
339,56,1,roi_bac,68.06724,1
340,56,1,roi_dic,70.93601,1488
341,56,1,roi_air,68.28043,0
342,57,0,roi_bac,83.353966,2955
343,57,0,roi_dic,87.5992,4896
344,57,0,roi_air,84.85015,1
345,57,1,roi_bac,68.058075,1
346,57,1,roi_dic,70.92989,1300
347,57,1,roi_air,68.29847,0
348,58,0,roi_bac,83.29728,2952
349,58,0,roi_dic,87.54324,4936
350,58,0,roi_air,84.8039,1
351,58,1,roi_bac,68.06341,1
352,58,1,roi_dic,70.98827,1327
353,58,1,roi_air,68.28034,0
354,59,0,roi_bac,83.31629,2897
355,59,0,roi_dic,87.542915,4926
356,59,0,roi_air,84.77175,1
357,59,1,roi_bac,68.06289,1
358,59,1,roi_dic,70.983574,1169
359,59,1,roi_air,68.304825,0
360,60,0,roi_bac,83.21816,2900
361,60,0,roi_dic,87.42522,4930
362,60,0,roi_air,84.71952,1
363,60,1,roi_bac,68.03562,1
364,60,1,roi_dic,70.94032,1140
365,60,1,roi_air,68.28509,0
366,61,0,roi_bac,83.22384,2926
367,61,0,roi_dic,87.39037,4908
368,61,0,roi_air,84.685425,1
369,61,1,roi_bac,68.042656,1
370,61,1,roi_dic,70.96303,1132
371,61,1,roi_air,68.26568,0
372,62,0,roi_bac,83.1352,2855
373,62,0,roi_dic,87.25788,4856
374,62,0,roi_air,84.59036,1
375,62,1,roi_bac,68.02056,1
376,62,1,roi_dic,70.92879,1067
377,62,1,roi_air,68.25174,0
378,63,0,roi_bac,83.179344,2919
379,63,0,roi_dic,87.286835,4859
380,63,0,roi_air,84.626976,1
381,63,1,roi_bac,68.039764,1
382,63,1,roi_dic,70.9537,1059
383,63,1,roi_air,68.298256,0
384,64,0,roi_bac,83.15156,2862
385,64,0,roi_dic,87.223114,4891
386,64,0,roi_air,84.57294,1
387,64,1,roi_bac,68.0469,1
388,64,1,roi_dic,70.934975,1048
389,64,1,roi_air,68.29042,0
390,65,0,roi_bac,83.08164,2846
391,65,0,roi_dic,87.13836,4842
392,65,0,roi_air,84.49704,1
393,65,1,roi_bac,68.02942,1
394,65,1,roi_dic,70.89116,1076
395,65,1,roi_air,68.28367,0
396,66,0,roi_bac,83.022156,2812
397,66,0,roi_dic,87.02663,4885
398,66,0,roi_air,84.46295,1
399,66,1,roi_bac,68.036804,1
400,66,1,roi_dic,70.936844,1074
401,66,1,roi_air,68.262726,0
402,67,0,roi_bac,82.925385,2811
403,67,0,roi_dic,86.93349,4869
404,67,0,roi_air,84.30386,1
405,67,1,roi_bac,68.023575,1
406,67,1,roi_dic,70.86505,964
407,67,1,roi_air,68.24585,0
408,68,0,roi_bac,83.00794,2813
409,68,0,roi_dic,86.985695,4839
410,68,0,roi_air,84.35818,1
411,68,1,roi_bac,68.04231,1
412,68,1,roi_dic,70.90711,919
413,68,1,roi_air,68.30862,0
414,69,0,roi_bac,82.95325,2775
415,69,0,roi_dic,86.882706,4745
416,69,0,roi_air,84.3214,1
417,69,1,roi_bac,68.02643,1
418,69,1,roi_dic,70.891136,842
419,69,1,roi_air,68.26824,0
420,70,0,roi_bac,82.96319,2773
421,70,0,roi_dic,86.909454,4756
422,70,0,roi_air,84.30604,1
423,70,1,roi_bac,68.03658,1
424,70,1,roi_dic,70.90898,804
425,70,1,roi_air,68.25404,0
426,71,0,roi_bac,82.95814,2781
427,71,0,roi_dic,86.85428,4692
428,71,0,roi_air,84.3108,1
429,71,1,roi_bac,68.02797,1
430,71,1,roi_dic,70.88555,775
431,71,1,roi_air,68.24909,0
432,72,0,roi_bac,82.8926,2770
433,72,0,roi_dic,86.77554,4686
434,72,0,roi_air,84.242836,1
435,72,1,roi_bac,68.01971,1
436,72,1,roi_dic,70.8138,697
437,72,1,roi_air,68.25357,0
438,73,0,roi_bac,82.90039,2761
439,73,0,roi_dic,86.74352,4665
440,73,0,roi_air,84.24132,1
441,73,1,roi_bac,68.03851,1
442,73,1,roi_dic,70.82674,714
443,73,1,roi_air,68.26051,0
444,74,0,roi_bac,82.84922,2762
445,74,0,roi_dic,86.682556,4682
446,74,0,roi_air,84.209595,1
447,74,1,roi_bac,68.047676,1
448,74,1,roi_dic,70.79849,650
449,74,1,roi_air,68.267815,0
450,75,0,roi_bac,82.88426,2724
451,75,0,roi_dic,86.6598,4595
452,75,0,roi_air,84.20537,1
453,75,1,roi_bac,68.04918,1
454,75,1,roi_dic,70.78461,664
455,75,1,roi_air,68.31323,0
456,76,0,roi_bac,82.83052,2687
457,76,0,roi_dic,86.606415,4484
458,76,0,roi_air,84.112,1
459,76,1,roi_bac,68.0389,1
460,76,1,roi_dic,70.76337,632
461,76,1,roi_air,68.28582,0
462,77,0,roi_bac,82.74919,2667
463,77,0,roi_dic,86.43996,4356
464,77,0,roi_air,84.05185,1
465,77,1,roi_bac,68.0281,1
466,77,1,roi_dic,70.7457,623
467,77,1,roi_air,68.23923,0
468,78,0,roi_bac,82.7917,2709
469,78,0,roi_dic,86.474655,4342
470,78,0,roi_air,84.07106,1
471,78,1,roi_bac,68.041695,1
472,78,1,roi_dic,70.76416,624
473,78,1,roi_air,68.29054,0
474,79,0,roi_bac,82.77678,2699
475,79,0,roi_dic,86.4458,4302
476,79,0,roi_air,84.11546,1
477,79,1,roi_bac,68.042564,1
478,79,1,roi_dic,70.744095,612
479,79,1,roi_air,68.299934,0
480,80,0,roi_bac,82.78558,2651
481,80,0,roi_dic,86.4383,4299
482,80,0,roi_air,84.04877,1
483,80,1,roi_bac,68.04373,1
484,80,1,roi_dic,70.76765,635
485,80,1,roi_air,68.29011,0
486,81,0,roi_bac,82.72023,2642
487,81,0,roi_dic,86.323364,4198
488,81,0,roi_air,83.976074,1
489,81,1,roi_bac,68.02753,1
490,81,1,roi_dic,70.77468,657
491,81,1,roi_air,68.26574,0
492,82,0,roi_bac,82.66961,2636
493,82,0,roi_dic,86.23907,4230
494,82,0,roi_air,83.9609,1
495,82,1,roi_bac,68.00951,1
496,82,1,roi_dic,70.75123,629
497,82,1,roi_air,68.28786,0
498,83,0,roi_bac,82.627914,2580
499,83,0,roi_dic,86.183784,4109
500,83,0,roi_air,83.88224,1
501,83,1,roi_bac,68.015564,1
502,83,1,roi_dic,70.79656,616
503,83,1,roi_air,68.26818,0
504,84,0,roi_bac,82.62891,2614
505,84,0,roi_dic,86.14745,4079
506,84,0,roi_air,83.93331,1
507,84,1,roi_bac,68.01493,1
508,84,1,roi_dic,70.78233,637
509,84,1,roi_air,68.244316,0
510,85,0,roi_bac,82.69173,2542
511,85,0,roi_dic,86.22871,4074
512,85,0,roi_air,83.97194,1
513,85,1,roi_bac,68.02276,1
514,85,1,roi_dic,70.8067,608
515,85,1,roi_air,68.252785,0
516,86,0,roi_bac,82.6293,2532
517,86,0,roi_dic,86.113464,4040
518,86,0,roi_air,83.88912,1
519,86,1,roi_bac,68.024956,1
520,86,1,roi_dic,70.79485,632
521,86,1,roi_air,68.25998,0
522,87,0,roi_bac,82.583405,2551
523,87,0,roi_dic,86.06152,3935
524,87,0,roi_air,83.84392,1
525,87,1,roi_bac,68.02009,1
526,87,1,roi_dic,70.78964,636
527,87,1,roi_air,68.24766,0
528,88,0,roi_bac,82.5833,2557
529,88,0,roi_dic,86.01314,3899
530,88,0,roi_air,83.8063,1
531,88,1,roi_bac,68.03565,1
532,88,1,roi_dic,70.78851,601
533,88,1,roi_air,68.26889,0
534,89,0,roi_bac,82.53572,2575
535,89,0,roi_dic,85.95422,3986
536,89,0,roi_air,83.79069,1
537,89,1,roi_bac,68.01837,1
538,89,1,roi_dic,70.77155,628
539,89,1,roi_air,68.26428,0
540,90,0,roi_bac,82.56063,2515
541,90,0,roi_dic,85.98185,3946
542,90,0,roi_air,83.812874,1
543,90,1,roi_bac,68.0189,1
544,90,1,roi_dic,70.76297,594
545,90,1,roi_air,68.25923,0
546,91,0,roi_bac,82.510826,2587
547,91,0,roi_dic,85.87891,3824
548,91,0,roi_air,83.75008,1
549,91,1,roi_bac,68.00827,1
550,91,1,roi_dic,70.724304,577
551,91,1,roi_air,68.234406,0
552,92,0,roi_bac,82.57123,2565
553,92,0,roi_dic,85.92095,3878
554,92,0,roi_air,83.80486,1
555,92,1,roi_bac,68.029144,1
556,92,1,roi_dic,70.72473,576
557,92,1,roi_air,68.25701,0
558,93,0,roi_bac,82.529686,2570
559,93,0,roi_dic,85.86642,3831
560,93,0,roi_air,83.75795,1
561,93,1,roi_bac,68.02252,1
562,93,1,roi_dic,70.691284,540
563,93,1,roi_air,68.23513,0
564,94,0,roi_bac,82.50727,2568
565,94,0,roi_dic,85.81956,3843
566,94,0,roi_air,83.70662,1
567,94,1,roi_bac,68.02087,1
568,94,1,roi_dic,70.65157,522
569,94,1,roi_air,68.26235,0
570,95,0,roi_bac,82.51654,2473
571,95,0,roi_dic,85.808205,3880
572,95,0,roi_air,83.739426,1
573,95,1,roi_bac,68.01254,1
574,95,1,roi_dic,70.65554,541
575,95,1,roi_air,68.23606,0
576,96,0,roi_bac,82.43076,2515
577,96,0,roi_dic,85.68005,3834
578,96,0,roi_air,83.61447,1
579,96,1,roi_bac,68.01029,1
580,96,1,roi_dic,70.65533,496
581,96,1,roi_air,68.25709,0
582,97,0,roi_bac,82.481445,2525
583,97,0,roi_dic,85.722786,3832
584,97,0,roi_air,83.69163,1
585,97,1,roi_bac,68.049545,1
586,97,1,roi_dic,70.69234,477
587,97,1,roi_air,68.252815,0
588,98,0,roi_bac,82.458084,2446
589,98,0,roi_dic,85.676895,3802
590,98,0,roi_air,83.65017,1
591,98,1,roi_bac,68.01251,1
592,98,1,roi_dic,70.64743,471
593,98,1,roi_air,68.255554,0
594,99,0,roi_bac,82.3874,2509
595,99,0,roi_dic,85.55256,3761
596,99,0,roi_air,83.58979,1
597,99,1,roi_bac,68.015366,1
598,99,1,roi_dic,70.64509,475
599,99,1,roi_air,68.28007,0
600,100,0,roi_bac,82.46723,2495
601,100,0,roi_dic,85.66504,3693
602,100,0,roi_air,83.670815,1
603,100,1,roi_bac,68.020775,1
604,100,1,roi_dic,70.65352,464
605,100,1,roi_air,68.25754,0
606,101,0,roi_bac,82.37555,2439
607,101,0,roi_dic,85.51595,3736
608,101,0,roi_air,83.54989,1
609,101,1,roi_bac,68.012886,1
610,101,1,roi_dic,70.651024,457
611,101,1,roi_air,68.26329,0
612,102,0,roi_bac,82.4538,2447
613,102,0,roi_dic,85.61458,3707
614,102,0,roi_air,83.66876,1
615,102,1,roi_bac,68.00635,1
616,102,1,roi_dic,70.64473,473
617,102,1,roi_air,68.24283,0
618,103,0,roi_bac,82.4262,2427
619,103,0,roi_dic,85.541565,3658
620,103,0,roi_air,83.570885,1
621,103,1,roi_bac,68.02026,1
622,103,1,roi_dic,70.63796,450
623,103,1,roi_air,68.26199,0
624,104,0,roi_bac,82.45614,2416
625,104,0,roi_dic,85.56566,3662
626,104,0,roi_air,83.60732,1
627,104,1,roi_bac,68.011185,1
628,104,1,roi_dic,70.61771,453
629,104,1,roi_air,68.26422,0
630,105,0,roi_bac,82.43069,2398
631,105,0,roi_dic,85.478546,3695
632,105,0,roi_air,83.59241,1
633,105,1,roi_bac,67.99941,1
634,105,1,roi_dic,70.60839,439
635,105,1,roi_air,68.27141,0
636,106,0,roi_bac,82.39536,2420
637,106,0,roi_dic,85.409935,3639
638,106,0,roi_air,83.50138,1
639,106,1,roi_bac,68.01011,1
640,106,1,roi_dic,70.60307,455
641,106,1,roi_air,68.25789,0
642,107,0,roi_bac,82.40944,2385
643,107,0,roi_dic,85.437836,3641
644,107,0,roi_air,83.57063,1
645,107,1,roi_bac,68.02443,1
646,107,1,roi_dic,70.60419,448
647,107,1,roi_air,68.25502,0
648,108,0,roi_bac,82.40434,2388
649,108,0,roi_dic,85.38559,3578
650,108,0,roi_air,83.567055,1
651,108,1,roi_bac,67.9942,1
652,108,1,roi_dic,70.56107,463
653,108,1,roi_air,68.226006,0
654,109,0,roi_bac,82.35647,2383
655,109,0,roi_dic,85.34945,3516
656,109,0,roi_air,83.49808,1
657,109,1,roi_bac,68.0245,1
658,109,1,roi_dic,70.594505,454
659,109,1,roi_air,68.2776,0
660,110,0,roi_bac,82.35244,2295
661,110,0,roi_dic,85.27836,3588
662,110,0,roi_air,83.52457,1
663,110,1,roi_bac,68.00267,1
664,110,1,roi_dic,70.53716,446
665,110,1,roi_air,68.2764,0
666,111,0,roi_bac,82.32477,2339
667,111,0,roi_dic,85.15798,3590
668,111,0,roi_air,83.46498,1
669,111,1,roi_bac,68.002464,1
670,111,1,roi_dic,70.48636,418
671,111,1,roi_air,68.24897,0
672,112,0,roi_bac,82.38268,2295
673,112,0,roi_dic,85.286896,3540
674,112,0,roi_air,83.52997,1
675,112,1,roi_bac,67.99819,1
676,112,1,roi_dic,70.48171,415
677,112,1,roi_air,68.2613,0
678,113,0,roi_bac,82.32942,2262
679,113,0,roi_dic,85.20903,3633
680,113,0,roi_air,83.43443,1
681,113,1,roi_bac,67.99862,1
682,113,1,roi_dic,70.43708,394
683,113,1,roi_air,68.249306,0
684,114,0,roi_bac,82.407104,2277
685,114,0,roi_dic,85.28543,3576
686,114,0,roi_air,83.49332,1
687,114,1,roi_bac,68.000786,1
688,114,1,roi_dic,70.419685,388
689,114,1,roi_air,68.27079,0
690,115,0,roi_bac,82.335365,2285
691,115,0,roi_dic,85.16842,3589
692,115,0,roi_air,83.44803,1
693,115,1,roi_bac,67.99854,1
694,115,1,roi_dic,70.37268,400
695,115,1,roi_air,68.231255,0
696,116,0,roi_bac,82.31827,2262
697,116,0,roi_dic,85.153244,3528
698,116,0,roi_air,83.44338,1
699,116,1,roi_bac,67.985634,1
700,116,1,roi_dic,70.32362,394
701,116,1,roi_air,68.25529,0
702,117,0,roi_bac,82.313675,2238
703,117,0,roi_dic,85.147804,3481
704,117,0,roi_air,83.439476,1
705,117,1,roi_bac,67.99352,1
706,117,1,roi_dic,70.32169,378
707,117,1,roi_air,68.256096,0
708,118,0,roi_bac,82.25756,2283
709,118,0,roi_dic,85.09412,3408
710,118,0,roi_air,83.37581,1
711,118,1,roi_bac,67.99827,1
712,118,1,roi_dic,70.28007,374
713,118,1,roi_air,68.217545,0
714,119,0,roi_bac,82.33179,2249
715,119,0,roi_dic,85.14678,3455
716,119,0,roi_air,83.42781,1
717,119,1,roi_bac,68.01317,1
718,119,1,roi_dic,70.27699,376
719,119,1,roi_air,68.3025,0
720,120,0,roi_bac,82.249146,2186
721,120,0,roi_dic,85.03275,3473
722,120,0,roi_air,83.369026,1
723,120,1,roi_bac,67.9842,1
724,120,1,roi_dic,70.21566,359
725,120,1,roi_air,68.277824,0
726,121,0,roi_bac,82.30064,2218
727,121,0,roi_dic,85.06557,3385
728,121,0,roi_air,83.36471,1
729,121,1,roi_bac,68.01691,1
730,121,1,roi_dic,70.22765,359
731,121,1,roi_air,68.26393,0
732,122,0,roi_bac,82.275055,2170
733,122,0,roi_dic,85.034355,3402
734,122,0,roi_air,83.35557,1
735,122,1,roi_bac,68.013535,1
736,122,1,roi_dic,70.18107,373
737,122,1,roi_air,68.28176,0
738,123,0,roi_bac,82.29823,2196
739,123,0,roi_dic,85.02265,3375
740,123,0,roi_air,83.37887,1
741,123,1,roi_bac,67.99297,1
742,123,1,roi_dic,70.1492,358
743,123,1,roi_air,68.28402,0
744,124,0,roi_bac,82.25137,2167
745,124,0,roi_dic,84.98358,3271
746,124,0,roi_air,83.354034,1
747,124,1,roi_bac,67.985664,1
748,124,1,roi_dic,70.11796,376
749,124,1,roi_air,68.25524,0
750,125,0,roi_bac,82.27016,2195
751,125,0,roi_dic,84.974525,3244
752,125,0,roi_air,83.30775,1
753,125,1,roi_bac,67.9897,1
754,125,1,roi_dic,70.08066,355
755,125,1,roi_air,68.24822,0
756,126,0,roi_bac,82.22749,2213
757,126,0,roi_dic,84.933044,3254
758,126,0,roi_air,83.308914,1
759,126,1,roi_bac,67.99056,1
760,126,1,roi_dic,70.04723,367
761,126,1,roi_air,68.27275,0
762,127,0,roi_bac,82.20271,2177
763,127,0,roi_dic,84.90605,3276
764,127,0,roi_air,83.28554,1
765,127,1,roi_bac,67.979485,1
766,127,1,roi_dic,70.00829,364
767,127,1,roi_air,68.24683,0
768,128,0,roi_bac,82.23559,2149
769,128,0,roi_dic,84.90418,3181
770,128,0,roi_air,83.33197,1
771,128,1,roi_bac,67.99108,1
772,128,1,roi_dic,70.005104,364
773,128,1,roi_air,68.25884,0
774,129,0,roi_bac,82.22254,2117
775,129,0,roi_dic,84.89134,3160
776,129,0,roi_air,83.28648,1
777,129,1,roi_bac,67.995224,1
778,129,1,roi_dic,69.99009,356
779,129,1,roi_air,68.25034,0
780,130,0,roi_bac,82.23272,2075
781,130,0,roi_dic,84.89403,3138
782,130,0,roi_air,83.33884,1
783,130,1,roi_bac,68.01353,1
784,130,1,roi_dic,69.9922,340
785,130,1,roi_air,68.31749,0
786,131,0,roi_bac,82.2233,2089
787,131,0,roi_dic,84.876076,3139
788,131,0,roi_air,83.32601,1
789,131,1,roi_bac,68.00284,1
790,131,1,roi_dic,69.963806,339
791,131,1,roi_air,68.268295,0
792,132,0,roi_bac,82.24547,2059
793,132,0,roi_dic,84.89114,3143
794,132,0,roi_air,83.2896,1
795,132,1,roi_bac,68.03936,1
796,132,1,roi_dic,69.99126,364
797,132,1,roi_air,68.277725,0
798,133,0,roi_bac,82.18056,2090
799,133,0,roi_dic,84.82972,3088
800,133,0,roi_air,83.270805,1
801,133,1,roi_bac,67.97544,1
802,133,1,roi_dic,69.90251,337
803,133,1,roi_air,68.28016,0
804,134,0,roi_bac,82.19649,2033
805,134,0,roi_dic,84.83503,3048
806,134,0,roi_air,83.28462,1
807,134,1,roi_bac,67.98726,1
808,134,1,roi_dic,69.913506,322
809,134,1,roi_air,68.25857,0
810,135,0,roi_bac,82.09244,2073
811,135,0,roi_dic,84.724075,3107
812,135,0,roi_air,83.21801,1
813,135,1,roi_bac,67.97939,1
814,135,1,roi_dic,69.86455,328
815,135,1,roi_air,68.239685,0
816,136,0,roi_bac,82.13213,2043
817,136,0,roi_dic,84.76127,3045
818,136,0,roi_air,83.242546,1
819,136,1,roi_bac,67.98215,1
820,136,1,roi_dic,69.8676,347
821,136,1,roi_air,68.2233,0
822,137,0,roi_bac,82.05382,2043
823,137,0,roi_dic,84.68752,3033
824,137,0,roi_air,83.13012,1
825,137,1,roi_bac,67.97537,1
826,137,1,roi_dic,69.8367,338
827,137,1,roi_air,68.236824,0
828,138,0,roi_bac,82.12006,2034
829,138,0,roi_dic,84.752235,3043
830,138,0,roi_air,83.225586,1
831,138,1,roi_bac,67.986855,1
832,138,1,roi_dic,69.83783,327
833,138,1,roi_air,68.275505,0
834,139,0,roi_bac,81.99983,2017
835,139,0,roi_dic,84.61178,2941
836,139,0,roi_air,83.11326,1
837,139,1,roi_bac,67.991394,1
838,139,1,roi_dic,69.81955,319
839,139,1,roi_air,68.27194,1
840,140,0,roi_bac,82.062004,2013
841,140,0,roi_dic,84.64667,2937
842,140,0,roi_air,83.14579,1
843,140,1,roi_bac,68.00132,1
844,140,1,roi_dic,69.81049,336
845,140,1,roi_air,68.26283,0
846,141,0,roi_bac,81.98817,1982
847,141,0,roi_dic,84.5707,2898
848,141,0,roi_air,83.02458,1
849,141,1,roi_bac,67.99194,1
850,141,1,roi_dic,69.77643,308
851,141,1,roi_air,68.263725,0
852,142,0,roi_bac,81.9503,1979
853,142,0,roi_dic,84.543205,2862
854,142,0,roi_air,83.03333,1
855,142,1,roi_bac,67.98228,1
856,142,1,roi_dic,69.76391,314
857,142,1,roi_air,68.2831,0
858,143,0,roi_bac,81.940125,1989
859,143,0,roi_dic,84.51523,2778
860,143,0,roi_air,83.023125,1
861,143,1,roi_bac,68.00271,1
862,143,1,roi_dic,69.76763,313
863,143,1,roi_air,68.275925,0
864,144,0,roi_bac,81.91187,1952
865,144,0,roi_dic,84.48297,2863
866,144,0,roi_air,83.014946,1
867,144,1,roi_bac,67.98356,1
868,144,1,roi_dic,69.74104,300
869,144,1,roi_air,68.2688,1
870,145,0,roi_bac,81.95792,1963
871,145,0,roi_dic,84.54906,2796
872,145,0,roi_air,83.0387,1
873,145,1,roi_bac,68.00343,1
874,145,1,roi_dic,69.76331,316
875,145,1,roi_air,68.28191,0
876,146,0,roi_bac,81.89027,1953
877,146,0,roi_dic,84.45091,2832
878,146,0,roi_air,83.01431,1
879,146,1,roi_bac,68.034744,1
880,146,1,roi_dic,69.75978,320
881,146,1,roi_air,68.3156,0
882,147,0,roi_bac,81.84134,1920
883,147,0,roi_dic,84.35653,2720
884,147,0,roi_air,82.9253,1
885,147,1,roi_bac,67.98478,1
886,147,1,roi_dic,69.68897,324
887,147,1,roi_air,68.230316,0
888,148,0,roi_bac,81.86334,1933
889,148,0,roi_dic,84.38235,2800
890,148,0,roi_air,82.92145,1
891,148,1,roi_bac,68.01042,1
892,148,1,roi_dic,69.6904,312
893,148,1,roi_air,68.288376,0
894,149,0,roi_bac,81.803024,1943
895,149,0,roi_dic,84.333534,2765
896,149,0,roi_air,82.92078,1
897,149,1,roi_bac,68.00437,1
898,149,1,roi_dic,69.64795,320
899,149,1,roi_air,68.279686,0
900,150,0,roi_bac,81.767845,1944
901,150,0,roi_dic,84.28593,2761
902,150,0,roi_air,82.87806,1
903,150,1,roi_bac,67.97588,1
904,150,1,roi_dic,69.61474,300
905,150,1,roi_air,68.2535,0
906,151,0,roi_bac,81.74287,1903
907,151,0,roi_dic,84.28319,2711
908,151,0,roi_air,82.83816,1
909,151,1,roi_bac,68.00274,1
910,151,1,roi_dic,69.62449,331
911,151,1,roi_air,68.27173,0
912,152,0,roi_bac,81.716866,1884
913,152,0,roi_dic,84.22597,2704
914,152,0,roi_air,82.8272,1
915,152,1,roi_bac,67.98067,1
916,152,1,roi_dic,69.58197,314
917,152,1,roi_air,68.268074,0
918,153,0,roi_bac,81.727066,1892
919,153,0,roi_dic,84.23142,2596
920,153,0,roi_air,82.834145,1
921,153,1,roi_bac,67.996124,1
922,153,1,roi_dic,69.616135,311
923,153,1,roi_air,68.266846,0
924,154,0,roi_bac,81.67143,1895
925,154,0,roi_dic,84.17612,2587
926,154,0,roi_air,82.79222,1
927,154,1,roi_bac,67.99661,1
928,154,1,roi_dic,69.590126,292
929,154,1,roi_air,68.278564,0
930,155,0,roi_bac,81.66793,1903
931,155,0,roi_dic,84.177765,2606
932,155,0,roi_air,82.75866,1
933,155,1,roi_bac,68.00738,1
934,155,1,roi_dic,69.607895,307
935,155,1,roi_air,68.283806,0
936,156,0,roi_bac,81.62226,1894
937,156,0,roi_dic,84.14443,2602
938,156,0,roi_air,82.71314,1
939,156,1,roi_bac,67.996284,1
940,156,1,roi_dic,69.586914,305
941,156,1,roi_air,68.252975,0
942,157,0,roi_bac,81.621544,1862
943,157,0,roi_dic,84.106766,2553
944,157,0,roi_air,82.73356,1
945,157,1,roi_bac,67.99863,1
946,157,1,roi_dic,69.56765,300
947,157,1,roi_air,68.267395,0
948,158,0,roi_bac,81.596756,1852
949,158,0,roi_dic,84.06016,2587
950,158,0,roi_air,82.67123,1
951,158,1,roi_bac,68.001816,1
952,158,1,roi_dic,69.57379,295
953,158,1,roi_air,68.28055,0
954,159,0,roi_bac,81.56216,1889
955,159,0,roi_dic,84.06429,2528
956,159,0,roi_air,82.67241,1
957,159,1,roi_bac,68.018776,1
958,159,1,roi_dic,69.58083,298
959,159,1,roi_air,68.2813,0
960,160,0,roi_bac,81.57905,1833
961,160,0,roi_dic,84.02969,2494
962,160,0,roi_air,82.66442,1
963,160,1,roi_bac,68.0188,1
964,160,1,roi_dic,69.595276,302
965,160,1,roi_air,68.29649,0
966,161,0,roi_bac,81.570915,1879
967,161,0,roi_dic,84.0738,2455
968,161,0,roi_air,82.652565,1
969,161,1,roi_bac,68.01637,1
970,161,1,roi_dic,69.57422,297
971,161,1,roi_air,68.28726,0
972,162,0,roi_bac,81.44292,1846
973,162,0,roi_dic,83.91156,2445
974,162,0,roi_air,82.53563,1
975,162,1,roi_bac,67.99631,1
976,162,1,roi_dic,69.558876,319
977,162,1,roi_air,68.27357,0
978,163,0,roi_bac,81.45889,1844
979,163,0,roi_dic,83.89371,2448
980,163,0,roi_air,82.56355,1
981,163,1,roi_bac,68.005486,1
982,163,1,roi_dic,69.56234,294
983,163,1,roi_air,68.255646,0
984,164,0,roi_bac,81.40661,1835
985,164,0,roi_dic,83.87211,2367
986,164,0,roi_air,82.51193,1
987,164,1,roi_bac,68.0046,1
988,164,1,roi_dic,69.55451,279
989,164,1,roi_air,68.24773,1
990,165,0,roi_bac,81.400764,1819
991,165,0,roi_dic,83.862114,2390
992,165,0,roi_air,82.50873,1
993,165,1,roi_bac,67.98801,1
994,165,1,roi_dic,69.53287,293
995,165,1,roi_air,68.293144,2
996,166,0,roi_bac,76.27394,1834
997,166,0,roi_dic,79.091034,2435
998,166,0,roi_air,77.46881,1
999,166,1,roi_bac,67.99145,1
1000,166,1,roi_dic,69.51808,273
1001,166,1,roi_air,68.30285,2
1002,167,0,roi_bac,76.2583,1866
1003,167,0,roi_dic,79.064285,2358
1004,167,0,roi_air,77.46043,1
1005,167,1,roi_bac,67.98962,1
1006,167,1,roi_dic,69.50086,288
1007,167,1,roi_air,68.32119,2
1008,168,0,roi_bac,76.203766,1844
1009,168,0,roi_dic,79.00661,2366
1010,168,0,roi_air,77.42192,1
1011,168,1,roi_bac,68.008125,1
1012,168,1,roi_dic,69.455894,278
1013,168,1,roi_air,68.315346,2
1014,169,0,roi_bac,76.23369,1818
1015,169,0,roi_dic,79.016304,2337
1016,169,0,roi_air,77.40054,1
1017,169,1,roi_bac,68.00373,1
1018,169,1,roi_dic,69.463356,297
1019,169,1,roi_air,68.298965,3
1020,170,0,roi_bac,76.19025,1855
1021,170,0,roi_dic,78.973564,2341
1022,170,0,roi_air,77.39308,1
1023,170,1,roi_bac,67.97973,1
1024,170,1,roi_dic,69.41156,296
1025,170,1,roi_air,68.35202,3
1026,171,0,roi_bac,76.207436,1807
1027,171,0,roi_dic,78.97546,2291
1028,171,0,roi_air,77.37943,1
1029,171,1,roi_bac,67.98853,1
1030,171,1,roi_dic,69.40575,291
1031,171,1,roi_air,68.42423,4
1032,172,0,roi_bac,76.19468,1826
1033,172,0,roi_dic,78.97087,2285
1034,172,0,roi_air,77.372955,1
1035,172,1,roi_bac,67.9795,1
1036,172,1,roi_dic,69.373535,276
1037,172,1,roi_air,68.509415,6
1038,173,0,roi_bac,76.23669,1764
1039,173,0,roi_dic,79.01667,2250
1040,173,0,roi_air,77.3969,1
1041,173,1,roi_bac,68.01118,1
1042,173,1,roi_dic,69.38499,281
1043,173,1,roi_air,68.670944,10
1044,174,0,roi_bac,76.198326,1841
1045,174,0,roi_dic,78.98213,2232
1046,174,0,roi_air,77.38595,1
1047,174,1,roi_bac,67.99974,1
1048,174,1,roi_dic,69.367386,290
1049,174,1,roi_air,68.830124,14
1050,175,0,roi_bac,76.21843,1803
1051,175,0,roi_dic,78.98394,2190
1052,175,0,roi_air,77.41376,1
1053,175,1,roi_bac,67.97965,1
1054,175,1,roi_dic,69.33325,290
1055,175,1,roi_air,69.00515,22
1056,176,0,roi_bac,76.190674,1815
1057,176,0,roi_dic,78.923744,2232
1058,176,0,roi_air,77.34726,1
1059,176,1,roi_bac,67.98172,1
1060,176,1,roi_dic,69.31926,281
1061,176,1,roi_air,69.22798,27
1062,177,0,roi_bac,76.19709,1818
1063,177,0,roi_dic,78.937675,2142
1064,177,0,roi_air,77.36116,1
1065,177,1,roi_bac,67.996185,1
1066,177,1,roi_dic,69.31201,286
1067,177,1,roi_air,69.494644,20
1068,178,0,roi_bac,76.16106,1866
1069,178,0,roi_dic,78.90141,2155
1070,178,0,roi_air,77.34996,3
1071,178,1,roi_bac,68.00617,1
1072,178,1,roi_dic,69.28361,295
1073,178,1,roi_air,69.593025,19
1074,179,0,roi_bac,76.171036,1806
1075,179,0,roi_dic,78.90081,2123
1076,179,0,roi_air,77.30332,3
1077,179,1,roi_bac,67.993675,1
1078,179,1,roi_dic,69.28871,304
1079,179,1,roi_air,69.64692,17
1080,180,0,roi_bac,76.165634,1803
1081,180,0,roi_dic,78.871,2149
1082,180,0,roi_air,77.349304,3
1083,180,1,roi_bac,67.98477,7
1084,180,1,roi_dic,69.23621,297
1085,180,1,roi_air,69.57508,17
1086,181,0,roi_bac,76.215706,1780
1087,181,0,roi_dic,78.906944,2119
1088,181,0,roi_air,77.33607,3
1089,181,1,roi_bac,68.045395,13
1090,181,1,roi_dic,69.25025,276
1091,181,1,roi_air,69.26105,5
1092,182,0,roi_bac,76.19489,1778
1093,182,0,roi_dic,78.892975,2090
1094,182,0,roi_air,77.3257,3
1095,182,1,roi_bac,68.07444,20
1096,182,1,roi_dic,69.219154,279
1097,182,1,roi_air,69.19495,7
1098,183,0,roi_bac,76.17721,1823
1099,183,0,roi_dic,78.884415,2012
1100,183,0,roi_air,77.35026,2
1101,183,1,roi_bac,68.12175,23
1102,183,1,roi_dic,69.24616,286
1103,183,1,roi_air,69.176605,12
1104,184,0,roi_bac,76.151985,1832
1105,184,0,roi_dic,78.832054,2000
1106,184,0,roi_air,77.326416,1
1107,184,1,roi_bac,68.12946,26
1108,184,1,roi_dic,69.23275,297
1109,184,1,roi_air,69.34615,15
1110,185,0,roi_bac,76.17282,1796
1111,185,0,roi_dic,78.85831,1939
1112,185,0,roi_air,77.34964,1
1113,185,1,roi_bac,68.12674,21
1114,185,1,roi_dic,69.21956,305
1115,185,1,roi_air,69.53366,15
1116,186,0,roi_bac,76.17014,1824
1117,186,0,roi_dic,78.85036,1942
1118,186,0,roi_air,77.35605,1
1119,186,1,roi_bac,68.124565,22
1120,186,1,roi_dic,69.21558,287
1121,186,1,roi_air,69.4171,12
1122,187,0,roi_bac,76.18944,1830
1123,187,0,roi_dic,78.87827,1892
1124,187,0,roi_air,77.37078,3
1125,187,1,roi_bac,68.155426,23
1126,187,1,roi_dic,69.24974,284
1127,187,1,roi_air,69.31292,9
1128,188,0,roi_bac,76.15541,1820
1129,188,0,roi_dic,78.83169,1911
1130,188,0,roi_air,77.307655,1
1131,188,1,roi_bac,68.14634,25
1132,188,1,roi_dic,69.228745,284
1133,188,1,roi_air,69.118965,11
1134,189,0,roi_bac,76.17866,1801
1135,189,0,roi_dic,78.83873,1894
1136,189,0,roi_air,77.335945,1
1137,189,1,roi_bac,68.15495,24
1138,189,1,roi_dic,69.24414,286
1139,189,1,roi_air,69.011826,9
1140,190,0,roi_bac,76.15693,1867
1141,190,0,roi_dic,78.791,1883
1142,190,0,roi_air,77.280205,1
1143,190,1,roi_bac,68.13136,24
1144,190,1,roi_dic,69.22082,282
1145,190,1,roi_air,68.79345,9
1146,191,0,roi_bac,76.14985,1791
1147,191,0,roi_dic,78.764404,1819
1148,191,0,roi_air,77.28169,1
1149,191,1,roi_bac,68.153244,25
1150,191,1,roi_dic,69.22985,295
1151,191,1,roi_air,68.684525,6
1152,192,0,roi_bac,76.15432,1827
1153,192,0,roi_dic,78.793335,1772
1154,192,0,roi_air,77.303604,1
1155,192,1,roi_bac,68.150505,28
1156,192,1,roi_dic,69.197525,280
1157,192,1,roi_air,68.6018,6
1158,193,0,roi_bac,76.153404,1780
1159,193,0,roi_dic,78.76454,1759
1160,193,0,roi_air,77.3064,1
1161,193,1,roi_bac,68.16697,31
1162,193,1,roi_dic,69.22855,269
1163,193,1,roi_air,68.63033,6
1164,194,0,roi_bac,76.12897,1788
1165,194,0,roi_dic,78.72223,1727
1166,194,0,roi_air,77.25789,1
1167,194,1,roi_bac,68.15553,32
1168,194,1,roi_dic,69.20144,291
1169,194,1,roi_air,68.570786,9
1170,195,0,roi_bac,76.11857,1780
1171,195,0,roi_dic,78.71512,1661
1172,195,0,roi_air,77.221596,1
1173,195,1,roi_bac,68.13981,34
1174,195,1,roi_dic,69.18062,235
1175,195,1,roi_air,68.56265,9
1176,196,0,roi_bac,76.1064,1774
1177,196,0,roi_dic,78.704025,1653
1178,196,0,roi_air,77.25299,1
1179,196,1,roi_bac,68.159294,32
1180,196,1,roi_dic,69.20557,280
1181,196,1,roi_air,68.53768,9
1182,197,0,roi_bac,76.09138,1810
1183,197,0,roi_dic,78.68462,1625
1184,197,0,roi_air,77.245384,1
1185,197,1,roi_bac,68.16806,46
1186,197,1,roi_dic,69.20285,271
1187,197,1,roi_air,68.555725,10
1188,198,0,roi_bac,76.08357,1794
1189,198,0,roi_dic,78.67628,1614
1190,198,0,roi_air,77.21979,1
1191,198,1,roi_bac,68.13944,44
1192,198,1,roi_dic,69.1876,276
1193,198,1,roi_air,68.54339,7
1194,199,0,roi_bac,76.091415,1806
1195,199,0,roi_dic,78.67066,1591
1196,199,0,roi_air,77.19529,1
1197,199,1,roi_bac,68.14201,39
1198,199,1,roi_dic,69.19349,251
1199,199,1,roi_air,68.52952,9
1200,200,0,roi_bac,76.069466,1830
1201,200,0,roi_dic,78.642845,1579
1202,200,0,roi_air,77.19275,1
1203,200,1,roi_bac,68.1609,50
1204,200,1,roi_dic,69.21086,265
1205,200,1,roi_air,68.583496,11
1206,201,0,roi_bac,76.06102,1792
1207,201,0,roi_dic,78.65883,1528
1208,201,0,roi_air,77.2009,1
1209,201,1,roi_bac,68.14968,45
1210,201,1,roi_dic,69.20393,264
1211,201,1,roi_air,68.535934,9
1212,202,0,roi_bac,76.04414,1784
1213,202,0,roi_dic,78.59477,1540
1214,202,0,roi_air,77.16216,1
1215,202,1,roi_bac,68.12728,47
1216,202,1,roi_dic,69.181175,268
1217,202,1,roi_air,68.49942,10
1218,203,0,roi_bac,76.0719,1824
1219,203,0,roi_dic,78.67317,1485
1220,203,0,roi_air,77.19889,1
1221,203,1,roi_bac,68.14042,41
1222,203,1,roi_dic,69.20068,269
1223,203,1,roi_air,68.520584,8
1224,204,0,roi_bac,76.03484,1765
1225,204,0,roi_dic,78.60531,1466
1226,204,0,roi_air,77.17253,1
1227,204,1,roi_bac,68.14498,46
1228,204,1,roi_dic,69.18816,258
1229,204,1,roi_air,68.55073,12
1230,205,0,roi_bac,76.007576,1790
1231,205,0,roi_dic,78.575935,1428
1232,205,0,roi_air,77.15185,1
1233,205,1,roi_bac,68.12077,45
1234,205,1,roi_dic,69.17522,265
1235,205,1,roi_air,68.55356,10
1236,206,0,roi_bac,76.057076,1775
1237,206,0,roi_dic,78.60186,1390
1238,206,0,roi_air,77.16257,1
1239,206,1,roi_bac,68.14083,44
1240,206,1,roi_dic,69.19477,280
1241,206,1,roi_air,68.5717,9
1242,207,0,roi_bac,76.01422,1741
1243,207,0,roi_dic,78.55879,1370
1244,207,0,roi_air,77.11803,1
1245,207,1,roi_bac,68.12008,42
1246,207,1,roi_dic,69.14958,275
1247,207,1,roi_air,68.55173,10
1248,208,0,roi_bac,76.03871,1771
1249,208,0,roi_dic,78.57961,1373
1250,208,0,roi_air,77.15118,1
1251,208,1,roi_bac,68.12693,43
1252,208,1,roi_dic,69.168106,263
1253,208,1,roi_air,68.52435,10
1254,209,0,roi_bac,76.004654,1787
1255,209,0,roi_dic,78.53372,1329
1256,209,0,roi_air,77.14982,1
1257,209,1,roi_bac,68.138084,41
1258,209,1,roi_dic,69.157875,307
1259,209,1,roi_air,68.55811,13
1260,210,0,roi_bac,75.98776,1777
1261,210,0,roi_dic,78.51715,1304
1262,210,0,roi_air,77.120766,1
1263,210,1,roi_bac,68.10138,41
1264,210,1,roi_dic,69.13127,283
1265,210,1,roi_air,68.535614,10
1266,211,0,roi_bac,76.0014,1718
1267,211,0,roi_dic,78.52532,1298
1268,211,0,roi_air,77.13086,2
1269,211,1,roi_bac,68.13616,44
1270,211,1,roi_dic,69.16045,285
1271,211,1,roi_air,68.65776,11
1272,212,0,roi_bac,75.98766,1764
1273,212,0,roi_dic,78.515434,1243
1274,212,0,roi_air,77.118675,2
1275,212,1,roi_bac,68.10668,42
1276,212,1,roi_dic,69.12696,291
1277,212,1,roi_air,68.74089,6
1278,213,0,roi_bac,76.007645,1735
1279,213,0,roi_dic,78.52916,1234
1280,213,0,roi_air,77.14061,1
1281,213,1,roi_bac,68.12709,41
1282,213,1,roi_dic,69.14287,289
1283,213,1,roi_air,68.72924,8
1284,214,0,roi_bac,75.971115,1760
1285,214,0,roi_dic,78.463875,1173
1286,214,0,roi_air,77.0608,1
1287,214,1,roi_bac,68.125595,40
1288,214,1,roi_dic,69.13862,300
1289,214,1,roi_air,68.64005,12
1290,215,0,roi_bac,75.98314,1744
1291,215,0,roi_dic,78.51378,1162
1292,215,0,roi_air,77.1132,1
1293,215,1,roi_bac,68.144104,39
1294,215,1,roi_dic,69.16255,302
1295,215,1,roi_air,68.610245,13
1296,216,0,roi_bac,75.92691,1705
1297,216,0,roi_dic,78.43656,1125
1298,216,0,roi_air,77.06551,1
1299,216,1,roi_bac,68.12114,44
1300,216,1,roi_dic,69.13873,303
1301,216,1,roi_air,68.588326,13
1302,217,0,roi_bac,75.94647,1724
1303,217,0,roi_dic,78.4653,1093
1304,217,0,roi_air,77.06256,1
1305,217,1,roi_bac,68.13213,48
1306,217,1,roi_dic,69.137886,326
1307,217,1,roi_air,68.63151,13
1308,218,0,roi_bac,75.93897,1746
1309,218,0,roi_dic,78.45056,1060
1310,218,0,roi_air,77.05774,1
1311,218,1,roi_bac,68.119995,42
1312,218,1,roi_dic,69.13548,293
1313,218,1,roi_air,68.725945,11
1314,219,0,roi_bac,75.94288,1735
1315,219,0,roi_dic,78.4258,1013
1316,219,0,roi_air,77.06916,1
1317,219,1,roi_bac,68.1295,42
1318,219,1,roi_dic,69.14511,297
1319,219,1,roi_air,68.65611,11
1320,220,0,roi_bac,75.91659,1661
1321,220,0,roi_dic,78.386055,963
1322,220,0,roi_air,76.994576,1
1323,220,1,roi_bac,68.12393,46
1324,220,1,roi_dic,69.14374,316
1325,220,1,roi_air,68.66198,13
1326,221,0,roi_bac,75.90586,1701
1327,221,0,roi_dic,78.3493,937
1328,221,0,roi_air,77.01269,1
1329,221,1,roi_bac,68.12421,48
1330,221,1,roi_dic,69.12341,309
1331,221,1,roi_air,68.608826,12
1332,222,0,roi_bac,75.91296,1679
1333,222,0,roi_dic,78.37396,908
1334,222,0,roi_air,77.02574,1
1335,222,1,roi_bac,68.11947,50
1336,222,1,roi_dic,69.13825,325
1337,222,1,roi_air,68.577095,10
1338,223,0,roi_bac,75.881165,1705
1339,223,0,roi_dic,78.33381,910
1340,223,0,roi_air,77.01703,1
1341,223,1,roi_bac,68.13281,47
1342,223,1,roi_dic,69.13298,330
1343,223,1,roi_air,68.5878,11
1344,224,0,roi_bac,75.89952,1696
1345,224,0,roi_dic,78.34642,866
1346,224,0,roi_air,77.02407,1
1347,224,1,roi_bac,68.1289,52
1348,224,1,roi_dic,69.124985,337
1349,224,1,roi_air,68.544395,10
1350,225,0,roi_bac,75.8854,1699
1351,225,0,roi_dic,78.31347,868
1352,225,0,roi_air,76.9729,1
1353,225,1,roi_bac,68.13161,45
1354,225,1,roi_dic,69.14746,320
1355,225,1,roi_air,68.5223,8
1356,226,0,roi_bac,75.90991,1679
1357,226,0,roi_dic,78.32832,831
1358,226,0,roi_air,76.99363,1
1359,226,1,roi_bac,68.12883,48
1360,226,1,roi_dic,69.13425,333
1361,226,1,roi_air,68.536446,9
1362,227,0,roi_bac,75.88395,1702
1363,227,0,roi_dic,78.31603,798
1364,227,0,roi_air,76.980835,1
1365,227,1,roi_bac,68.15146,42
1366,227,1,roi_dic,69.1584,337
1367,227,1,roi_air,68.59601,10
1368,228,0,roi_bac,75.8937,1685
1369,228,0,roi_dic,78.31681,779
1370,228,0,roi_air,77.00488,2
1371,228,1,roi_bac,68.1244,48
1372,228,1,roi_dic,69.12949,343
1373,228,1,roi_air,68.58325,8
1374,229,0,roi_bac,75.877754,1658
1375,229,0,roi_dic,78.303925,769
1376,229,0,roi_air,76.94397,1
1377,229,1,roi_bac,68.13516,44
1378,229,1,roi_dic,69.131676,351
1379,229,1,roi_air,68.53425,9
1380,230,0,roi_bac,75.86031,1683
1381,230,0,roi_dic,78.26757,739
1382,230,0,roi_air,76.94202,1
1383,230,1,roi_bac,68.15725,42
1384,230,1,roi_dic,69.13154,353
1385,230,1,roi_air,68.57311,8
1386,231,0,roi_bac,75.871284,1680
1387,231,0,roi_dic,78.262,737
1388,231,0,roi_air,76.95823,1
1389,231,1,roi_bac,68.145195,49
1390,231,1,roi_dic,69.1402,350
1391,231,1,roi_air,68.56851,11
1392,232,0,roi_bac,75.8684,1654
1393,232,0,roi_dic,78.2615,701
1394,232,0,roi_air,76.99011,1
1395,232,1,roi_bac,68.127266,48
1396,232,1,roi_dic,69.12195,330
1397,232,1,roi_air,68.56901,7
1398,233,0,roi_bac,75.89255,1682
1399,233,0,roi_dic,78.279015,691
1400,233,0,roi_air,77.005196,1
1401,233,1,roi_bac,68.14008,55
1402,233,1,roi_dic,69.135284,343
1403,233,1,roi_air,68.62019,10
1404,234,0,roi_bac,75.836006,1698
1405,234,0,roi_dic,78.20879,648
1406,234,0,roi_air,76.92307,1
1407,234,1,roi_bac,68.13962,56
1408,234,1,roi_dic,69.126274,348
1409,234,1,roi_air,68.63004,10
1410,235,0,roi_bac,75.87981,1681
1411,235,0,roi_dic,78.25324,652
1412,235,0,roi_air,76.96376,1
1413,235,1,roi_bac,68.15236,51
1414,235,1,roi_dic,69.146095,380
1415,235,1,roi_air,68.67338,9
1416,236,0,roi_bac,75.86045,1695
1417,236,0,roi_dic,78.21643,623
1418,236,0,roi_air,76.953865,1
1419,236,1,roi_bac,68.1192,49
1420,236,1,roi_dic,69.10617,365
1421,236,1,roi_air,68.649025,8
1422,237,0,roi_bac,75.858116,1696
1423,237,0,roi_dic,78.188126,590
1424,237,0,roi_air,76.90984,1
1425,237,1,roi_bac,68.12297,52
1426,237,1,roi_dic,69.12171,369
1427,237,1,roi_air,68.676605,11
1428,238,0,roi_bac,75.86545,1732
1429,238,0,roi_dic,78.204414,575
1430,238,0,roi_air,76.956245,1
1431,238,1,roi_bac,68.12142,49
1432,238,1,roi_dic,69.10689,380
1433,238,1,roi_air,68.62752,11
1434,239,0,roi_bac,75.8326,1686
1435,239,0,roi_dic,78.16789,551
1436,239,0,roi_air,76.902435,1
1437,239,1,roi_bac,68.12703,46
1438,239,1,roi_dic,69.1258,382
1439,239,1,roi_air,68.64796,8
1440,240,0,roi_bac,75.82525,1646
1441,240,0,roi_dic,78.13476,549
1442,240,0,roi_air,76.901924,1
1443,240,1,roi_bac,68.11494,43
1444,240,1,roi_dic,69.07437,381
1445,240,1,roi_air,68.585724,11
1446,241,0,roi_bac,75.81443,1673
1447,241,0,roi_dic,78.118744,531
1448,241,0,roi_air,76.89124,1
1449,241,1,roi_bac,68.12867,45
1450,241,1,roi_dic,69.09309,379
1451,241,1,roi_air,68.5999,7
1452,242,0,roi_bac,75.84269,1672
1453,242,0,roi_dic,78.16147,517
1454,242,0,roi_air,76.89906,1
1455,242,1,roi_bac,68.146095,51
1456,242,1,roi_dic,69.10143,387
1457,242,1,roi_air,68.64016,7
1458,243,0,roi_bac,75.80486,1701
1459,243,0,roi_dic,78.0855,516
1460,243,0,roi_air,76.88899,1
1461,243,1,roi_bac,68.121155,47
1462,243,1,roi_dic,69.08602,399
1463,243,1,roi_air,68.637215,5
1464,244,0,roi_bac,75.8638,1667
1465,244,0,roi_dic,78.13792,487
1466,244,0,roi_air,76.92198,1
1467,244,1,roi_bac,68.099525,46
1468,244,1,roi_dic,69.07327,366
1469,244,1,roi_air,68.651886,7
1470,245,0,roi_bac,75.82049,1677
1471,245,0,roi_dic,78.109436,472
1472,245,0,roi_air,76.91153,1
1473,245,1,roi_bac,68.10726,47
1474,245,1,roi_dic,69.0636,384
1475,245,1,roi_air,68.56018,6
1476,246,0,roi_bac,75.82993,1670
1477,246,0,roi_dic,78.09706,432
1478,246,0,roi_air,76.88944,1
1479,246,1,roi_bac,68.13347,49
1480,246,1,roi_dic,69.07545,382
1481,246,1,roi_air,68.55394,7
1482,247,0,roi_bac,75.80224,1647
1483,247,0,roi_dic,78.064224,432
1484,247,0,roi_air,76.84605,1
1485,247,1,roi_bac,68.118385,57
1486,247,1,roi_dic,69.07356,364
1487,247,1,roi_air,68.53396,8
1488,248,0,roi_bac,75.81571,1660
1489,248,0,roi_dic,78.07033,421
1490,248,0,roi_air,76.84932,1
1491,248,1,roi_bac,68.1296,58
1492,248,1,roi_dic,69.070366,370
1493,248,1,roi_air,68.553246,8
1494,249,0,roi_bac,75.79722,1680
1495,249,0,roi_dic,78.05348,406
1496,249,0,roi_air,76.858444,1
1497,249,1,roi_bac,68.10677,56
1498,249,1,roi_dic,69.04364,406
1499,249,1,roi_air,68.623695,7
1500,250,0,roi_bac,95.94163,2048
1501,250,0,roi_dic,94.59102,1010
1502,250,0,roi_air,94.0232,44
1503,250,1,roi_bac,93.3221,1166
1504,250,1,roi_dic,89.30323,967
1505,250,1,roi_air,89.67499,44
1506,251,0,roi_bac,75.80845,1684
1507,251,0,roi_dic,78.0358,383
1508,251,0,roi_air,76.895874,1
1509,251,1,roi_bac,68.12242,59
1510,251,1,roi_dic,69.06146,359
1511,251,1,roi_air,68.70283,10
1512,252,0,roi_bac,75.78572,1731
1513,252,0,roi_dic,78.01433,374
1514,252,0,roi_air,76.83861,1
1515,252,1,roi_bac,68.11881,53
1516,252,1,roi_dic,69.06185,392
1517,252,1,roi_air,68.71061,9
1518,253,0,roi_bac,75.78491,1688
1519,253,0,roi_dic,78.014206,361
1520,253,0,roi_air,76.85385,1
1521,253,1,roi_bac,68.12887,59
1522,253,1,roi_dic,69.05705,389
1523,253,1,roi_air,68.741486,9
1524,254,0,roi_bac,75.75169,1695
1525,254,0,roi_dic,77.96292,348
1526,254,0,roi_air,76.81446,1
1527,254,1,roi_bac,68.10435,63
1528,254,1,roi_dic,69.01828,397
1529,254,1,roi_air,68.70963,10
1530,255,0,roi_bac,75.78468,1691
1531,255,0,roi_dic,77.986244,346
1532,255,0,roi_air,76.838135,1
1533,255,1,roi_bac,68.137535,53
1534,255,1,roi_dic,69.057335,376
1535,255,1,roi_air,68.737144,8
1536,256,0,roi_bac,75.75316,1704
1537,256,0,roi_dic,77.96119,329
1538,256,0,roi_air,76.815575,1
1539,256,1,roi_bac,68.109344,60
1540,256,1,roi_dic,69.03516,369
1541,256,1,roi_air,68.70477,12
1542,257,0,roi_bac,75.775734,1682
1543,257,0,roi_dic,77.96754,315
1544,257,0,roi_air,76.8156,1
1545,257,1,roi_bac,68.115234,63
1546,257,1,roi_dic,69.02458,392
1547,257,1,roi_air,68.69171,11
1548,258,0,roi_bac,75.764015,1699
1549,258,0,roi_dic,77.93652,322
1550,258,0,roi_air,76.811035,1
1551,258,1,roi_bac,68.10381,58
1552,258,1,roi_dic,69.00996,374
1553,258,1,roi_air,68.65521,10
1554,259,0,roi_bac,75.78744,1707
1555,259,0,roi_dic,77.95992,326
1556,259,0,roi_air,76.86012,1
1557,259,1,roi_bac,68.12781,61
1558,259,1,roi_dic,69.03695,389
1559,259,1,roi_air,68.71486,10
1560,260,0,roi_bac,75.73623,1688
1561,260,0,roi_dic,77.90296,304
1562,260,0,roi_air,76.78812,1
1563,260,1,roi_bac,68.116714,53
1564,260,1,roi_dic,69.01941,399
1565,260,1,roi_air,68.672554,9
1566,261,0,roi_bac,75.77489,1681
1567,261,0,roi_dic,77.93391,299
1568,261,0,roi_air,76.835815,1
1569,261,1,roi_bac,68.111725,60
1570,261,1,roi_dic,69.03336,402
1571,261,1,roi_air,68.71347,11
1572,262,0,roi_bac,75.75472,1726
1573,262,0,roi_dic,77.89341,298
1574,262,0,roi_air,76.806946,1
1575,262,1,roi_bac,68.126526,57
1576,262,1,roi_dic,69.03374,416
1577,262,1,roi_air,68.7133,12
1578,263,0,roi_bac,75.787766,1729
1579,263,0,roi_dic,77.9348,277
1580,263,0,roi_air,76.83064,2
1581,263,1,roi_bac,68.11731,64
1582,263,1,roi_dic,69.0257,387
1583,263,1,roi_air,68.766846,14
1584,264,0,roi_bac,75.73573,1723
1585,264,0,roi_dic,77.84907,271
1586,264,0,roi_air,76.771645,1
1587,264,1,roi_bac,68.1039,57
1588,264,1,roi_dic,69.03113,388
1589,264,1,roi_air,68.83774,14
1590,265,0,roi_bac,75.732155,1665
1591,265,0,roi_dic,77.853004,267
1592,265,0,roi_air,76.770546,2
1593,265,1,roi_bac,68.092964,59
1594,265,1,roi_dic,69.008896,393
1595,265,1,roi_air,68.82154,11
1596,266,0,roi_bac,75.74914,1667
1597,266,0,roi_dic,77.86281,265
1598,266,0,roi_air,76.79161,1
1599,266,1,roi_bac,68.10592,53
1600,266,1,roi_dic,68.99983,404
1601,266,1,roi_air,68.76461,13
1602,267,0,roi_bac,75.7118,1687
1603,267,0,roi_dic,77.82344,258
1604,267,0,roi_air,76.75736,1
1605,267,1,roi_bac,68.117165,59
1606,267,1,roi_dic,69.02779,407
1607,267,1,roi_air,68.76015,11
1608,268,0,roi_bac,75.75799,1688
1609,268,0,roi_dic,77.89469,240
1610,268,0,roi_air,76.79267,1
1611,268,1,roi_bac,68.116066,61
1612,268,1,roi_dic,69.01685,402
1613,268,1,roi_air,68.76629,10
1614,269,0,roi_bac,75.73003,1724
1615,269,0,roi_dic,77.83931,243
1616,269,0,roi_air,76.747635,1
1617,269,1,roi_bac,68.09892,62
1618,269,1,roi_dic,68.99142,395
1619,269,1,roi_air,68.73728,11
1620,270,0,roi_bac,75.72727,1686
1621,270,0,roi_dic,77.82803,231
1622,270,0,roi_air,76.778175,1
1623,270,1,roi_bac,68.12259,50
1624,270,1,roi_dic,69.03057,389
1625,270,1,roi_air,68.76304,15
1626,271,0,roi_bac,75.762,1710
1627,271,0,roi_dic,77.8714,219
1628,271,0,roi_air,76.82428,1
1629,271,1,roi_bac,68.12883,63
1630,271,1,roi_dic,69.03527,391
1631,271,1,roi_air,68.73403,12
1632,272,0,roi_bac,75.729744,1668
1633,272,0,roi_dic,77.820175,212
1634,272,0,roi_air,76.78784,2
1635,272,1,roi_bac,68.09898,58
1636,272,1,roi_dic,69.00626,393
1637,272,1,roi_air,68.69797,10
1638,273,0,roi_bac,75.77681,1701
1639,273,0,roi_dic,77.85626,204
1640,273,0,roi_air,76.8131,1
1641,273,1,roi_bac,68.1245,65
1642,273,1,roi_dic,69.025475,388
1643,273,1,roi_air,68.746826,14
1644,274,0,roi_bac,75.72855,1699
1645,274,0,roi_dic,77.808395,199
1646,274,0,roi_air,76.787346,1
1647,274,1,roi_bac,68.1019,65
1648,274,1,roi_dic,69.008965,396
1649,274,1,roi_air,68.6977,11
1650,275,0,roi_bac,75.74367,1714
1651,275,0,roi_dic,77.80466,193
1652,275,0,roi_air,76.783646,1
1653,275,1,roi_bac,68.10788,62
1654,275,1,roi_dic,69.012924,396
1655,275,1,roi_air,68.74222,16
1656,276,0,roi_bac,75.7477,1703
1657,276,0,roi_dic,77.7987,199
1658,276,0,roi_air,76.81901,1
1659,276,1,roi_bac,68.10855,55
1660,276,1,roi_dic,69.01169,420
1661,276,1,roi_air,68.72074,10
1662,277,0,roi_bac,75.70157,1698
1663,277,0,roi_dic,77.75419,187
1664,277,0,roi_air,76.73351,2
1665,277,1,roi_bac,68.11682,52
1666,277,1,roi_dic,69.007904,407
1667,277,1,roi_air,68.742386,8
1668,278,0,roi_bac,75.740974,1727
1669,278,0,roi_dic,77.78648,171
1670,278,0,roi_air,76.75065,2
1671,278,1,roi_bac,68.12878,57
1672,278,1,roi_dic,69.02251,422
1673,278,1,roi_air,68.72815,12
1674,279,0,roi_bac,75.70025,1674
1675,279,0,roi_dic,77.72879,155
1676,279,0,roi_air,76.7015,2
1677,279,1,roi_bac,68.11192,61
1678,279,1,roi_dic,68.99299,403
1679,279,1,roi_air,68.71105,9
1680,280,0,roi_bac,75.723816,1666
1681,280,0,roi_dic,77.75785,160
1682,280,0,roi_air,76.748055,1
1683,280,1,roi_bac,68.10724,56
1684,280,1,roi_dic,69.00417,421
1685,280,1,roi_air,68.703445,7
1686,281,0,roi_bac,75.71412,1703
1687,281,0,roi_dic,77.72442,159
1688,281,0,roi_air,76.732254,1
1689,281,1,roi_bac,68.113716,61
1690,281,1,roi_dic,68.9851,401
1691,281,1,roi_air,68.721855,8
1692,282,0,roi_bac,75.749466,1670
1693,282,0,roi_dic,77.77176,147
1694,282,0,roi_air,76.76658,1
1695,282,1,roi_bac,68.13768,51
1696,282,1,roi_dic,69.02535,417
1697,282,1,roi_air,68.744095,8
1698,283,0,roi_bac,75.71302,1694
1699,283,0,roi_dic,77.706375,153
1700,283,0,roi_air,76.7112,1
1701,283,1,roi_bac,68.090256,62
1702,283,1,roi_dic,68.96682,389
1703,283,1,roi_air,68.73829,9
1704,284,0,roi_bac,75.726204,1676
1705,284,0,roi_dic,77.71727,144
1706,284,0,roi_air,76.70149,2
1707,284,1,roi_bac,68.115944,53
1708,284,1,roi_dic,69.00223,418
1709,284,1,roi_air,68.7299,9
1710,285,0,roi_bac,75.68109,1710
1711,285,0,roi_dic,77.68263,149
1712,285,0,roi_air,76.67988,2
1713,285,1,roi_bac,68.09362,58
1714,285,1,roi_dic,68.991005,447
1715,285,1,roi_air,68.713264,10
1716,286,0,roi_bac,75.695656,1707
1717,286,0,roi_dic,77.68871,133
1718,286,0,roi_air,76.70403,2
1719,286,1,roi_bac,68.09444,58
1720,286,1,roi_dic,68.98275,403
1721,286,1,roi_air,68.70784,10
1722,287,0,roi_bac,75.71111,1669
1723,287,0,roi_dic,77.68604,137
1724,287,0,roi_air,76.70535,2
1725,287,1,roi_bac,68.09038,49
1726,287,1,roi_dic,68.98126,405
1727,287,1,roi_air,68.634766,11
1728,288,0,roi_bac,75.67209,1692
1729,288,0,roi_dic,77.6377,132
1730,288,0,roi_air,76.67633,2
1731,288,1,roi_bac,68.08275,53
1732,288,1,roi_dic,68.99215,426
1733,288,1,roi_air,68.64025,10
1734,289,0,roi_bac,75.692825,1676
1735,289,0,roi_dic,77.651306,136
1736,289,0,roi_air,76.66241,2
1737,289,1,roi_bac,68.124435,56
1738,289,1,roi_dic,69.01282,389
1739,289,1,roi_air,68.6908,10
1740,290,0,roi_bac,75.703835,1656
1741,290,0,roi_dic,77.66265,133
1742,290,0,roi_air,76.70078,2
1743,290,1,roi_bac,68.096375,52
1744,290,1,roi_dic,68.99086,425
1745,290,1,roi_air,68.69506,9
1746,291,0,roi_bac,75.693985,1675
1747,291,0,roi_dic,77.63751,126
1748,291,0,roi_air,76.68351,2
1749,291,1,roi_bac,68.108475,55
1750,291,1,roi_dic,68.983154,402
1751,291,1,roi_air,68.648735,8
1752,292,0,roi_bac,75.717804,1701
1753,292,0,roi_dic,77.67237,118
1754,292,0,roi_air,76.70072,1
1755,292,1,roi_bac,68.1174,52
1756,292,1,roi_dic,69.02341,411
1757,292,1,roi_air,68.66134,7
1758,293,0,roi_bac,75.70699,1711
1759,293,0,roi_dic,77.667854,119
1760,293,0,roi_air,76.73423,2
1761,293,1,roi_bac,68.13209,51
1762,293,1,roi_dic,69.01048,405
1763,293,1,roi_air,68.65873,9
1764,294,0,roi_bac,75.68254,1710
1765,294,0,roi_dic,77.629456,107
1766,294,0,roi_air,76.678215,2
1767,294,1,roi_bac,68.102745,54
1768,294,1,roi_dic,68.990005,395
1769,294,1,roi_air,68.644356,9
1770,295,0,roi_bac,75.69336,1662
1771,295,0,roi_dic,77.63428,106
1772,295,0,roi_air,76.691124,2
1773,295,1,roi_bac,68.106316,61
1774,295,1,roi_dic,68.99625,398
1775,295,1,roi_air,68.707726,7
1776,296,0,roi_bac,75.659805,1709
1777,296,0,roi_dic,77.593864,104
1778,296,0,roi_air,76.661224,2
1779,296,1,roi_bac,68.12136,56
1780,296,1,roi_dic,68.98653,398
1781,296,1,roi_air,68.60054,7
1782,297,0,roi_bac,75.66432,1698
1783,297,0,roi_dic,77.58208,103
1784,297,0,roi_air,76.65308,2
1785,297,1,roi_bac,68.106964,51
1786,297,1,roi_dic,69.014496,395
1787,297,1,roi_air,68.63586,9
1788,298,0,roi_bac,75.67816,1703
1789,298,0,roi_dic,77.60549,107
1790,298,0,roi_air,76.694405,2
1791,298,1,roi_bac,68.1195,51
1792,298,1,roi_dic,68.993996,403
1793,298,1,roi_air,68.6099,7
1794,299,0,roi_bac,75.703896,1716
1795,299,0,roi_dic,77.60115,113
1796,299,0,roi_air,76.66903,2
1797,299,1,roi_bac,68.126175,53
1798,299,1,roi_dic,68.99727,417
1799,299,1,roi_air,68.6275,7
1800,300,0,roi_bac,75.68846,1716
1801,300,0,roi_dic,77.59984,106
1802,300,0,roi_air,76.69959,2
1803,300,1,roi_bac,68.143875,56
1804,300,1,roi_dic,69.00593,396
1805,300,1,roi_air,68.69653,7
1806,301,0,roi_bac,75.671585,1702
1807,301,0,roi_dic,77.57246,109
1808,301,0,roi_air,76.62796,2
1809,301,1,roi_bac,68.13565,52
1810,301,1,roi_dic,69.01283,379
1811,301,1,roi_air,68.63591,7
1812,302,0,roi_bac,75.64885,1736
1813,302,0,roi_dic,77.54455,102
1814,302,0,roi_air,76.65112,2
1815,302,1,roi_bac,68.10331,55
1816,302,1,roi_dic,68.979324,413
1817,302,1,roi_air,68.63116,8
1818,303,0,roi_bac,75.675964,1741
1819,303,0,roi_dic,77.57902,96
1820,303,0,roi_air,76.65746,2
1821,303,1,roi_bac,68.12026,55
1822,303,1,roi_dic,68.99569,426
1823,303,1,roi_air,68.619644,7
1824,304,0,roi_bac,75.65098,1765
1825,304,0,roi_dic,77.53233,96
1826,304,0,roi_air,76.62745,2
1827,304,1,roi_bac,68.0974,49
1828,304,1,roi_dic,68.97413,428
1829,304,1,roi_air,68.61452,7
1830,305,0,roi_bac,75.652824,1738
1831,305,0,roi_dic,77.53598,94
1832,305,0,roi_air,76.62086,2
1833,305,1,roi_bac,68.11408,55
1834,305,1,roi_dic,68.98252,396
1835,305,1,roi_air,68.62919,7
1836,306,0,roi_bac,75.641846,1736
1837,306,0,roi_dic,77.515335,81
1838,306,0,roi_air,76.61774,2
1839,306,1,roi_bac,68.10691,51
1840,306,1,roi_dic,68.98502,399
1841,306,1,roi_air,68.62546,8
1842,307,0,roi_bac,75.64642,1693
1843,307,0,roi_dic,77.51452,85
1844,307,0,roi_air,76.63776,2
1845,307,1,roi_bac,68.096596,56
1846,307,1,roi_dic,68.983185,406
1847,307,1,roi_air,68.62469,7
1848,308,0,roi_bac,75.64088,1751
1849,308,0,roi_dic,77.493904,86
1850,308,0,roi_air,76.633415,2
1851,308,1,roi_bac,68.122185,55
1852,308,1,roi_dic,68.97734,416
1853,308,1,roi_air,68.610634,8
1854,309,0,roi_bac,75.6301,1744
1855,309,0,roi_dic,77.46448,81
1856,309,0,roi_air,76.6236,2
1857,309,1,roi_bac,68.114845,50
1858,309,1,roi_dic,68.98806,402
1859,309,1,roi_air,68.63931,7
1860,310,0,roi_bac,75.6459,1729
1861,310,0,roi_dic,77.479576,78
1862,310,0,roi_air,76.619606,2
1863,310,1,roi_bac,68.11437,59
1864,310,1,roi_dic,68.98279,446
1865,310,1,roi_air,68.62675,5
1866,311,0,roi_bac,75.62936,1740
1867,311,0,roi_dic,77.47473,81
1868,311,0,roi_air,76.61964,2
1869,311,1,roi_bac,68.112564,51
1870,311,1,roi_dic,68.977615,422
1871,311,1,roi_air,68.632576,6
1872,312,0,roi_bac,75.666695,1730
1873,312,0,roi_dic,77.52268,75
1874,312,0,roi_air,76.6583,2
1875,312,1,roi_bac,68.11037,52
1876,312,1,roi_dic,68.99474,428
1877,312,1,roi_air,68.64601,6
1878,313,0,roi_bac,75.60066,1740
1879,313,0,roi_dic,77.44323,83
1880,313,0,roi_air,76.59513,2
1881,313,1,roi_bac,68.10907,64
1882,313,1,roi_dic,68.972534,419
1883,313,1,roi_air,68.60019,7
1884,314,0,roi_bac,75.597916,1776
1885,314,0,roi_dic,77.45122,71
1886,314,0,roi_air,76.612526,2
1887,314,1,roi_bac,68.09116,46
1888,314,1,roi_dic,68.95327,421
1889,314,1,roi_air,68.62168,6
1890,315,0,roi_bac,75.60559,1738
1891,315,0,roi_dic,77.44105,82
1892,315,0,roi_air,76.6018,2
1893,315,1,roi_bac,68.10315,53
1894,315,1,roi_dic,68.982445,428
1895,315,1,roi_air,68.62846,6
1896,316,0,roi_bac,75.63142,1721
1897,316,0,roi_dic,77.46398,70
1898,316,0,roi_air,76.62074,2
1899,316,1,roi_bac,68.11741,48
1900,316,1,roi_dic,68.97364,448
1901,316,1,roi_air,68.60638,8
1902,317,0,roi_bac,75.64043,1683
1903,317,0,roi_dic,77.46119,73
1904,317,0,roi_air,76.63459,2
1905,317,1,roi_bac,68.1272,62
1906,317,1,roi_dic,68.9992,444
1907,317,1,roi_air,68.59873,7
1908,318,0,roi_bac,75.57743,1712
1909,318,0,roi_dic,77.40249,72
1910,318,0,roi_air,76.56398,2
1911,318,1,roi_bac,68.084175,56
1912,318,1,roi_dic,68.95575,432
1913,318,1,roi_air,68.56055,7
1914,319,0,roi_bac,75.616684,1727
1915,319,0,roi_dic,77.45833,64
1916,319,0,roi_air,76.59428,2
1917,319,1,roi_bac,68.10649,53
1918,319,1,roi_dic,68.97267,466
1919,319,1,roi_air,68.598366,8
1920,320,0,roi_bac,75.60646,1706
1921,320,0,roi_dic,77.42584,64
1922,320,0,roi_air,76.62333,2
1923,320,1,roi_bac,68.08821,61
1924,320,1,roi_dic,68.97502,444
1925,320,1,roi_air,68.6068,6
1926,321,0,roi_bac,75.61779,1736
1927,321,0,roi_dic,77.438934,58
1928,321,0,roi_air,76.6079,2
1929,321,1,roi_bac,68.09168,59
1930,321,1,roi_dic,68.96743,486
1931,321,1,roi_air,68.59585,7
1932,322,0,roi_bac,75.58036,1722
1933,322,0,roi_dic,77.37727,60
1934,322,0,roi_air,76.4952,2
1935,322,1,roi_bac,68.11097,58
1936,322,1,roi_dic,68.97019,441
1937,322,1,roi_air,68.57623,5
1938,323,0,roi_bac,75.60877,1747
1939,323,0,roi_dic,77.41903,61
1940,323,0,roi_air,76.55158,2
1941,323,1,roi_bac,68.09018,59
1942,323,1,roi_dic,68.953224,469
1943,323,1,roi_air,68.56792,5
1944,324,0,roi_bac,75.6137,1731
1945,324,0,roi_dic,77.413956,62
1946,324,0,roi_air,76.566986,2
1947,324,1,roi_bac,68.096535,55
1948,324,1,roi_dic,68.94704,446
1949,324,1,roi_air,68.576996,5
1950,325,0,roi_bac,75.592,1745
1951,325,0,roi_dic,77.391556,66
1952,325,0,roi_air,76.52349,2
1953,325,1,roi_bac,68.09968,54
1954,325,1,roi_dic,68.96457,437
1955,325,1,roi_air,68.57087,5
1956,326,0,roi_bac,75.62938,1725
1957,326,0,roi_dic,77.43637,60
1958,326,0,roi_air,76.58198,2
1959,326,1,roi_bac,68.11095,54
1960,326,1,roi_dic,68.97298,448
1961,326,1,roi_air,68.60973,6
1962,327,0,roi_bac,75.579056,1732
1963,327,0,roi_dic,77.364975,62
1964,327,0,roi_air,76.55124,2
1965,327,1,roi_bac,68.0916,58
1966,327,1,roi_dic,68.94194,451
1967,327,1,roi_air,68.58332,5
1968,328,0,roi_bac,75.59953,1745
1969,328,0,roi_dic,77.39772,68
1970,328,0,roi_air,76.52526,2
1971,328,1,roi_bac,68.10067,63
1972,328,1,roi_dic,68.96235,480
1973,328,1,roi_air,68.57842,5
1974,329,0,roi_bac,75.577805,1734
1975,329,0,roi_dic,77.36726,64
1976,329,0,roi_air,76.52111,2
1977,329,1,roi_bac,68.11687,57
1978,329,1,roi_dic,68.97029,451
1979,329,1,roi_air,68.59717,5
1980,330,0,roi_bac,75.571846,1742
1981,330,0,roi_dic,77.35398,66
1982,330,0,roi_air,76.55185,2
1983,330,1,roi_bac,68.10642,58
1984,330,1,roi_dic,68.9698,468
1985,330,1,roi_air,68.5867,5
1986,331,0,roi_bac,75.59747,1763
1987,331,0,roi_dic,77.37006,62
1988,331,0,roi_air,76.563446,2
1989,331,1,roi_bac,68.100334,59
1990,331,1,roi_dic,68.97009,462
1991,331,1,roi_air,68.57045,5
1992,332,0,roi_bac,75.55088,1754
1993,332,0,roi_dic,77.33599,60
1994,332,0,roi_air,76.520325,2
1995,332,1,roi_bac,68.09019,56
1996,332,1,roi_dic,68.937485,512
1997,332,1,roi_air,68.569626,5
1998,333,0,roi_bac,75.59195,1748
1999,333,0,roi_dic,77.37104,66
2000,333,0,roi_air,76.5202,2
2001,333,1,roi_bac,68.0958,61
2002,333,1,roi_dic,68.94921,482
2003,333,1,roi_air,68.57808,5
2004,334,0,roi_bac,75.54741,1743
2005,334,0,roi_dic,77.32561,63
2006,334,0,roi_air,76.528206,2
2007,334,1,roi_bac,68.11488,68
2008,334,1,roi_dic,68.968475,505
2009,334,1,roi_air,68.584114,5
2010,335,0,roi_bac,75.591446,1743
2011,335,0,roi_dic,77.38056,63
2012,335,0,roi_air,76.55503,2
2013,335,1,roi_bac,68.096085,55
2014,335,1,roi_dic,68.945244,488
2015,335,1,roi_air,68.5666,5
2016,336,0,roi_bac,75.57525,1742
2017,336,0,roi_dic,77.35288,67
2018,336,0,roi_air,76.51923,2
2019,336,1,roi_bac,68.096344,59
2020,336,1,roi_dic,68.936874,521
2021,336,1,roi_air,68.59297,5
2022,337,0,roi_bac,75.586784,1729
2023,337,0,roi_dic,77.35984,62
2024,337,0,roi_air,76.53406,2
2025,337,1,roi_bac,68.09769,57
2026,337,1,roi_dic,68.95044,527
2027,337,1,roi_air,68.562325,5
2028,338,0,roi_bac,75.56717,1741
2029,338,0,roi_dic,77.32804,72
2030,338,0,roi_air,76.53154,2
2031,338,1,roi_bac,68.08339,60
2032,338,1,roi_dic,68.922806,487
2033,338,1,roi_air,68.5482,7
2034,339,0,roi_bac,75.547585,1747
2035,339,0,roi_dic,77.31578,58
2036,339,0,roi_air,76.50248,2
2037,339,1,roi_bac,68.10188,53
2038,339,1,roi_dic,68.93628,527
2039,339,1,roi_air,68.60739,6
2040,340,0,roi_bac,75.56004,1745
2041,340,0,roi_dic,77.30236,61
2042,340,0,roi_air,76.49152,2
2043,340,1,roi_bac,68.09421,57
2044,340,1,roi_dic,68.93085,511
2045,340,1,roi_air,68.600525,6
2046,341,0,roi_bac,75.53847,1740
2047,341,0,roi_dic,77.27738,57
2048,341,0,roi_air,76.47519,2
2049,341,1,roi_bac,68.07066,56
2050,341,1,roi_dic,68.909584,510
2051,341,1,roi_air,68.59034,6
2052,342,0,roi_bac,75.553444,1718
2053,342,0,roi_dic,77.304375,57
2054,342,0,roi_air,76.52465,3
2055,342,1,roi_bac,68.10912,53
2056,342,1,roi_dic,68.93423,533
2057,342,1,roi_air,68.5923,6
2058,343,0,roi_bac,75.54069,1725
2059,343,0,roi_dic,77.26796,53
2060,343,0,roi_air,76.476234,2
2061,343,1,roi_bac,68.10114,52
2062,343,1,roi_dic,68.935905,509
2063,343,1,roi_air,68.547714,6
2064,344,0,roi_bac,75.55828,1755
2065,344,0,roi_dic,77.33177,57
2066,344,0,roi_air,76.50503,2
2067,344,1,roi_bac,68.1053,57
2068,344,1,roi_dic,68.94261,517
2069,344,1,roi_air,68.606316,6
2070,345,0,roi_bac,75.53558,1708
2071,345,0,roi_dic,77.278435,51
2072,345,0,roi_air,76.49837,2
2073,345,1,roi_bac,68.08506,63
2074,345,1,roi_dic,68.92167,524
2075,345,1,roi_air,68.57324,5
2076,346,0,roi_bac,75.51863,1731
2077,346,0,roi_dic,77.265625,52
2078,346,0,roi_air,76.479385,2
2079,346,1,roi_bac,68.07397,57
2080,346,1,roi_dic,68.89832,561
2081,346,1,roi_air,68.571465,5
2082,347,0,roi_bac,75.52724,1713
2083,347,0,roi_dic,77.28926,63
2084,347,0,roi_air,76.45058,2
2085,347,1,roi_bac,68.08686,57
2086,347,1,roi_dic,68.93093,572
2087,347,1,roi_air,68.565216,5
2088,348,0,roi_bac,75.536896,1746
2089,348,0,roi_dic,77.28128,56
2090,348,0,roi_air,76.493774,2
2091,348,1,roi_bac,68.08416,54
2092,348,1,roi_dic,68.90988,537
2093,348,1,roi_air,68.55634,5
2094,349,0,roi_bac,75.54449,1718
2095,349,0,roi_dic,77.283966,61
2096,349,0,roi_air,76.48791,2
2097,349,1,roi_bac,68.088005,52
2098,349,1,roi_dic,68.92995,539
2099,349,1,roi_air,68.54658,6
2100,350,0,roi_bac,75.50425,1736
2101,350,0,roi_dic,77.235306,59
2102,350,0,roi_air,76.43222,2
2103,350,1,roi_bac,68.06313,52
2104,350,1,roi_dic,68.89668,506
2105,350,1,roi_air,68.54121,8
2106,351,0,roi_bac,75.54499,1729
2107,351,0,roi_dic,77.28594,53
2108,351,0,roi_air,76.47824,2
2109,351,1,roi_bac,68.08432,49
2110,351,1,roi_dic,68.90897,524
2111,351,1,roi_air,68.58808,6
2112,352,0,roi_bac,75.51774,1740
2113,352,0,roi_dic,77.24503,57
2114,352,0,roi_air,76.44014,2
2115,352,1,roi_bac,68.0951,52
2116,352,1,roi_dic,68.91825,533
2117,352,1,roi_air,68.56413,7
2118,353,0,roi_bac,75.549324,1722
2119,353,0,roi_dic,77.26876,60
2120,353,0,roi_air,76.46707,2
2121,353,1,roi_bac,68.08579,59
2122,353,1,roi_dic,68.92566,578
2123,353,1,roi_air,68.54227,5
2124,354,0,roi_bac,75.53299,1724
2125,354,0,roi_dic,77.23882,57
2126,354,0,roi_air,76.43104,2
2127,354,1,roi_bac,68.06638,58
2128,354,1,roi_dic,68.892105,543
2129,354,1,roi_air,68.5564,7
2130,355,0,roi_bac,75.49881,1683
2131,355,0,roi_dic,77.23509,53
2132,355,0,roi_air,76.43527,2
2133,355,1,roi_bac,68.05409,44
2134,355,1,roi_dic,68.89014,559
2135,355,1,roi_air,68.55154,8
2136,356,0,roi_bac,75.45577,1641
2137,356,0,roi_dic,77.24868,58
2138,356,0,roi_air,76.41799,2
2139,356,1,roi_bac,68.051674,57
2140,356,1,roi_dic,68.88968,589
2141,356,1,roi_air,68.52815,7
2142,357,0,roi_bac,75.42817,1618
2143,357,0,roi_dic,77.23274,55
2144,357,0,roi_air,76.41638,2
2145,357,1,roi_bac,68.04438,50
2146,357,1,roi_dic,68.861465,563
2147,357,1,roi_air,68.53503,6
2148,358,0,roi_bac,75.44323,1593
2149,358,0,roi_dic,77.27518,61
2150,358,0,roi_air,76.41676,2
2151,358,1,roi_bac,68.04771,57
2152,358,1,roi_dic,68.88805,569
2153,358,1,roi_air,68.5229,7
2154,359,0,roi_bac,75.41376,1552
2155,359,0,roi_dic,77.235634,51
2156,359,0,roi_air,76.40795,2
2157,359,1,roi_bac,68.04663,49
2158,359,1,roi_dic,68.879745,561
2159,359,1,roi_air,68.53153,4
2160,360,0,roi_bac,75.423,1520
2161,360,0,roi_dic,77.26875,51
2162,360,0,roi_air,76.42799,2
2163,360,1,roi_bac,68.04817,50
2164,360,1,roi_dic,68.89122,552
2165,360,1,roi_air,68.52467,6
2166,361,0,roi_bac,75.38615,1514
2167,361,0,roi_dic,77.224686,51
2168,361,0,roi_air,76.4302,2
2169,361,1,roi_bac,68.035,57
2170,361,1,roi_dic,68.876465,532
2171,361,1,roi_air,68.52212,7
2172,362,0,roi_bac,75.401184,1505
2173,362,0,roi_dic,77.25547,53
2174,362,0,roi_air,76.46679,2
2175,362,1,roi_bac,68.03352,56
2176,362,1,roi_dic,68.875595,540
2177,362,1,roi_air,68.4962,6
2178,363,0,roi_bac,75.358246,1477
2179,363,0,roi_dic,77.189316,52
2180,363,0,roi_air,76.37852,2
2181,363,1,roi_bac,68.04177,48
2182,363,1,roi_dic,68.89096,555
2183,363,1,roi_air,68.53093,6
2184,364,0,roi_bac,75.36968,1464
2185,364,0,roi_dic,77.212425,51
2186,364,0,roi_air,76.40766,2
2187,364,1,roi_bac,68.01787,48
2188,364,1,roi_dic,68.8499,563
2189,364,1,roi_air,68.499954,6
2190,365,0,roi_bac,75.36996,1432
2191,365,0,roi_dic,77.20865,57
2192,365,0,roi_air,76.349594,2
2193,365,1,roi_bac,68.024765,50
2194,365,1,roi_dic,68.85231,567
2195,365,1,roi_air,68.524994,9
2196,366,0,roi_bac,75.33519,1451
2197,366,0,roi_dic,77.176765,50
2198,366,0,roi_air,76.373924,2
2199,366,1,roi_bac,68.019264,48
2200,366,1,roi_dic,68.8409,574
2201,366,1,roi_air,68.46006,6
2202,367,0,roi_bac,75.3566,1446
2203,367,0,roi_dic,77.23244,46
2204,367,0,roi_air,76.418846,2
2205,367,1,roi_bac,68.02335,54
2206,367,1,roi_dic,68.85769,594
2207,367,1,roi_air,68.479454,7
2208,368,0,roi_bac,75.32597,1437
2209,368,0,roi_dic,77.17394,51
2210,368,0,roi_air,76.3521,2
2211,368,1,roi_bac,68.0259,49
2212,368,1,roi_dic,68.84837,565
2213,368,1,roi_air,68.49755,5
2214,369,0,roi_bac,75.35573,1410
2215,369,0,roi_dic,77.2044,50
2216,369,0,roi_air,76.384514,2
2217,369,1,roi_bac,68.02106,52
2218,369,1,roi_dic,68.8459,576
2219,369,1,roi_air,68.49426,7
2220,370,0,roi_bac,75.332794,1419
2221,370,0,roi_dic,77.1691,46
2222,370,0,roi_air,76.34157,2
2223,370,1,roi_bac,68.007965,52
2224,370,1,roi_dic,68.82894,595
2225,370,1,roi_air,68.497734,6
2226,371,0,roi_bac,75.3518,1412
2227,371,0,roi_dic,77.215675,54
2228,371,0,roi_air,76.412605,2
2229,371,1,roi_bac,68.029144,51
2230,371,1,roi_dic,68.86954,601
2231,371,1,roi_air,68.51305,8
2232,372,0,roi_bac,75.33058,1369
2233,372,0,roi_dic,77.17983,44
2234,372,0,roi_air,76.39061,2
2235,372,1,roi_bac,68.017654,53
2236,372,1,roi_dic,68.832245,561
2237,372,1,roi_air,68.496414,6
2238,373,0,roi_bac,75.30749,1372
2239,373,0,roi_dic,77.159004,45
2240,373,0,roi_air,76.36375,2
2241,373,1,roi_bac,68.00593,46
2242,373,1,roi_dic,68.83997,587
2243,373,1,roi_air,68.49383,7
2244,374,0,roi_bac,75.30333,1367
2245,374,0,roi_dic,77.13557,50
2246,374,0,roi_air,76.36781,2
2247,374,1,roi_bac,68.02103,56
2248,374,1,roi_dic,68.8372,601
2249,374,1,roi_air,68.47721,8
2250,375,0,roi_bac,75.31319,1403
2251,375,0,roi_dic,77.140594,46
2252,375,0,roi_air,76.36564,1
2253,375,1,roi_bac,67.999725,55
2254,375,1,roi_dic,68.81035,596
2255,375,1,roi_air,68.4755,7
2256,376,0,roi_bac,75.340546,1362
2257,376,0,roi_dic,77.17598,44
2258,376,0,roi_air,76.35825,2
2259,376,1,roi_bac,68.01724,53
2260,376,1,roi_dic,68.83053,630
2261,376,1,roi_air,68.482925,9
2262,377,0,roi_bac,75.33426,1375
2263,377,0,roi_dic,77.16938,43
2264,377,0,roi_air,76.33402,2
2265,377,1,roi_bac,68.00846,58
2266,377,1,roi_dic,68.82795,609
2267,377,1,roi_air,68.47049,8
2268,378,0,roi_bac,75.35132,1358
2269,378,0,roi_dic,77.17566,51
2270,378,0,roi_air,76.379166,1
2271,378,1,roi_bac,68.01833,60
2272,378,1,roi_dic,68.829475,598
2273,378,1,roi_air,68.489105,9
2274,379,0,roi_bac,75.3012,1356
2275,379,0,roi_dic,77.12415,51
2276,379,0,roi_air,76.32937,1
2277,379,1,roi_bac,68.00691,65
2278,379,1,roi_dic,68.82441,608
2279,379,1,roi_air,68.46502,8
2280,380,0,roi_bac,75.32022,1356
2281,380,0,roi_dic,77.14248,46
2282,380,0,roi_air,76.326805,2
2283,380,1,roi_bac,68.02101,55
2284,380,1,roi_dic,68.838486,606
2285,380,1,roi_air,68.46534,6
2286,381,0,roi_bac,75.30564,1362
2287,381,0,roi_dic,77.12529,46
2288,381,0,roi_air,76.332695,1
2289,381,1,roi_bac,67.994545,52
2290,381,1,roi_dic,68.811646,603
2291,381,1,roi_air,68.45865,9
2292,382,0,roi_bac,75.28879,1354
2293,382,0,roi_dic,77.11332,45
2294,382,0,roi_air,76.30442,1
2295,382,1,roi_bac,68.00188,54
2296,382,1,roi_dic,68.82886,590
2297,382,1,roi_air,68.47367,4
2298,383,0,roi_bac,75.295135,1345
2299,383,0,roi_dic,77.099686,51
2300,383,0,roi_air,76.32692,1
2301,383,1,roi_bac,67.99531,61
2302,383,1,roi_dic,68.804924,618
2303,383,1,roi_air,68.46018,6
2304,384,0,roi_bac,75.335686,1335
2305,384,0,roi_dic,77.152885,40
2306,384,0,roi_air,76.33027,2
2307,384,1,roi_bac,68.01568,60
2308,384,1,roi_dic,68.83544,606
2309,384,1,roi_air,68.50386,6
2310,385,0,roi_bac,75.28283,1352
2311,385,0,roi_dic,77.08573,52
2312,385,0,roi_air,76.27599,1
2313,385,1,roi_bac,67.97817,50
2314,385,1,roi_dic,68.78387,609
2315,385,1,roi_air,68.41817,7
2316,386,0,roi_bac,75.31209,1358
2317,386,0,roi_dic,77.144936,44
2318,386,0,roi_air,76.32429,1
2319,386,1,roi_bac,68.00788,54
2320,386,1,roi_dic,68.820786,598
2321,386,1,roi_air,68.44867,6
2322,387,0,roi_bac,75.293015,1336
2323,387,0,roi_dic,77.08821,40
2324,387,0,roi_air,76.333565,2
2325,387,1,roi_bac,68.00049,52
2326,387,1,roi_dic,68.80923,602
2327,387,1,roi_air,68.44929,5
2328,388,0,roi_bac,75.29078,1327
2329,388,0,roi_dic,77.122765,39
2330,388,0,roi_air,76.31052,1
2331,388,1,roi_bac,68.00789,49
2332,388,1,roi_dic,68.79101,618
2333,388,1,roi_air,68.45035,5
2334,389,0,roi_bac,75.28845,1298
2335,389,0,roi_dic,77.1116,41
2336,389,0,roi_air,76.32695,1
2337,389,1,roi_bac,68.001854,56
2338,389,1,roi_dic,68.809135,613
2339,389,1,roi_air,68.474754,6
2340,390,0,roi_bac,75.283554,1306
2341,390,0,roi_dic,77.10007,48
2342,390,0,roi_air,76.32043,2
2343,390,1,roi_bac,68.00202,48
2344,390,1,roi_dic,68.79916,622
2345,390,1,roi_air,68.46141,5
2346,391,0,roi_bac,75.276855,1322
2347,391,0,roi_dic,77.10197,51
2348,391,0,roi_air,76.28425,1
2349,391,1,roi_bac,68.00864,49
2350,391,1,roi_dic,68.79908,609
2351,391,1,roi_air,68.47926,6
2352,392,0,roi_bac,75.26526,1315
2353,392,0,roi_dic,77.07831,51
2354,392,0,roi_air,76.27301,2
2355,392,1,roi_bac,67.97698,50
2356,392,1,roi_dic,68.774475,637
2357,392,1,roi_air,68.43263,7
2358,393,0,roi_bac,75.28922,1302
2359,393,0,roi_dic,77.10114,50
2360,393,0,roi_air,76.30747,1
2361,393,1,roi_bac,68.012436,54
2362,393,1,roi_dic,68.7935,664
2363,393,1,roi_air,68.43522,6
2364,394,0,roi_bac,75.26904,1303
2365,394,0,roi_dic,77.05264,44
2366,394,0,roi_air,76.26473,1
2367,394,1,roi_bac,67.98948,51
2368,394,1,roi_dic,68.7922,650
2369,394,1,roi_air,68.445206,6
2370,395,0,roi_bac,75.25604,1316
2371,395,0,roi_dic,77.04536,39
2372,395,0,roi_air,76.26802,1
2373,395,1,roi_bac,67.98371,54
2374,395,1,roi_dic,68.77792,667
2375,395,1,roi_air,68.442184,5
2376,396,0,roi_bac,75.268,1318
2377,396,0,roi_dic,77.07064,46
2378,396,0,roi_air,76.25006,1
2379,396,1,roi_bac,67.984985,53
2380,396,1,roi_dic,68.78452,620
2381,396,1,roi_air,68.42676,7
2382,397,0,roi_bac,75.25938,1327
2383,397,0,roi_dic,77.05952,41
2384,397,0,roi_air,76.27727,1
2385,397,1,roi_bac,67.99153,48
2386,397,1,roi_dic,68.76642,671
2387,397,1,roi_air,68.45282,6
2388,398,0,roi_bac,75.244415,1277
2389,398,0,roi_dic,77.0389,45
2390,398,0,roi_air,76.25213,2
2391,398,1,roi_bac,67.99736,49
2392,398,1,roi_dic,68.77708,659
2393,398,1,roi_air,68.48035,9
2394,399,0,roi_bac,75.24646,1321
2395,399,0,roi_dic,77.02424,43
2396,399,0,roi_air,76.23803,1
2397,399,1,roi_bac,67.97908,55
2398,399,1,roi_dic,68.777855,653
2399,399,1,roi_air,68.45487,6
2400,400,0,roi_bac,75.29759,1293
2401,400,0,roi_dic,77.08901,44
2402,400,0,roi_air,76.30723,1
2403,400,1,roi_bac,67.99286,51
2404,400,1,roi_dic,68.76409,671
2405,400,1,roi_air,68.447296,4
2406,401,0,roi_bac,75.27779,1285
2407,401,0,roi_dic,77.04714,46
2408,401,0,roi_air,76.28196,2
2409,401,1,roi_bac,67.99588,48
2410,401,1,roi_dic,68.76119,661
2411,401,1,roi_air,68.47135,6
2412,402,0,roi_bac,75.27839,1299
2413,402,0,roi_dic,77.06814,48
2414,402,0,roi_air,76.28116,3
2415,402,1,roi_bac,67.99677,58
2416,402,1,roi_dic,68.7676,703
2417,402,1,roi_air,68.46103,5
2418,403,0,roi_bac,75.2532,1294
2419,403,0,roi_dic,77.02624,45
2420,403,0,roi_air,76.258095,1
2421,403,1,roi_bac,67.973404,54
2422,403,1,roi_dic,68.739456,664
2423,403,1,roi_air,68.42287,6
2424,404,0,roi_bac,75.282814,1287
2425,404,0,roi_dic,77.06862,46
2426,404,0,roi_air,76.29683,1
2427,404,1,roi_bac,67.978,54
2428,404,1,roi_dic,68.76746,678
2429,404,1,roi_air,68.43146,5
2430,405,0,roi_bac,75.24499,1261
2431,405,0,roi_dic,77.02041,55
2432,405,0,roi_air,76.22173,2
2433,405,1,roi_bac,67.9875,57
2434,405,1,roi_dic,68.748764,674
2435,405,1,roi_air,68.41351,4
2436,406,0,roi_bac,75.26816,1280
2437,406,0,roi_dic,77.048195,42
2438,406,0,roi_air,76.26956,2
2439,406,1,roi_bac,67.98706,50
2440,406,1,roi_dic,68.77126,656
2441,406,1,roi_air,68.45816,7
2442,407,0,roi_bac,75.257706,1293
2443,407,0,roi_dic,77.020035,37
2444,407,0,roi_air,76.25974,2
2445,407,1,roi_bac,67.986984,62
2446,407,1,roi_dic,68.73608,666
2447,407,1,roi_air,68.40928,4
2448,408,0,roi_bac,75.25418,1286
2449,408,0,roi_dic,77.01309,31
2450,408,0,roi_air,76.25236,1
2451,408,1,roi_bac,68.00182,55
2452,408,1,roi_dic,68.76341,683
2453,408,1,roi_air,68.42869,7
2454,409,0,roi_bac,75.23161,1288
2455,409,0,roi_dic,76.971146,47
2456,409,0,roi_air,76.278336,1
2457,409,1,roi_bac,67.98994,57
2458,409,1,roi_dic,68.748276,678
2459,409,1,roi_air,68.409615,6
2460,410,0,roi_bac,75.24147,1284
2461,410,0,roi_dic,76.994965,44
2462,410,0,roi_air,76.268425,3
2463,410,1,roi_bac,67.98904,55
2464,410,1,roi_dic,68.74743,633
2465,410,1,roi_air,68.46335,4
2466,411,0,roi_bac,75.25071,1280
2467,411,0,roi_dic,76.996635,42
2468,411,0,roi_air,76.26329,1
2469,411,1,roi_bac,68.0063,56
2470,411,1,roi_dic,68.76991,671
2471,411,1,roi_air,68.47402,6
2472,412,0,roi_bac,75.225555,1288
2473,412,0,roi_dic,76.98028,46
2474,412,0,roi_air,76.28788,2
2475,412,1,roi_bac,67.975784,53
2476,412,1,roi_dic,68.71163,680
2477,412,1,roi_air,68.42095,6
2478,413,0,roi_bac,75.24498,1250
2479,413,0,roi_dic,76.997444,38
2480,413,0,roi_air,76.273506,1
2481,413,1,roi_bac,67.9923,62
2482,413,1,roi_dic,68.74943,632
2483,413,1,roi_air,68.444305,6
2484,414,0,roi_bac,75.21273,1266
2485,414,0,roi_dic,76.95804,41
2486,414,0,roi_air,76.20688,2
2487,414,1,roi_bac,67.983406,64
2488,414,1,roi_dic,68.71622,658
2489,414,1,roi_air,68.41126,5
2490,415,0,roi_bac,75.23651,1274
2491,415,0,roi_dic,76.97177,41
2492,415,0,roi_air,76.257996,1
2493,415,1,roi_bac,67.99937,55
2494,415,1,roi_dic,68.74925,699
2495,415,1,roi_air,68.42119,5
2496,416,0,roi_bac,75.22258,1272
2497,416,0,roi_dic,76.97095,43
2498,416,0,roi_air,76.27421,2
2499,416,1,roi_bac,67.988014,58
2500,416,1,roi_dic,68.733986,664
2501,416,1,roi_air,68.43303,6
2502,417,0,roi_bac,75.22991,1249
2503,417,0,roi_dic,76.976364,37
2504,417,0,roi_air,76.24641,1
2505,417,1,roi_bac,67.99296,59
2506,417,1,roi_dic,68.74795,752
2507,417,1,roi_air,68.44608,5
2508,418,0,roi_bac,75.209,1270
2509,418,0,roi_dic,76.96097,48
2510,418,0,roi_air,76.26243,2
2511,418,1,roi_bac,68.004616,50
2512,418,1,roi_dic,68.736595,702
2513,418,1,roi_air,68.42581,7
2514,419,0,roi_bac,75.19882,1231
2515,419,0,roi_dic,76.953835,42
2516,419,0,roi_air,76.24065,1
2517,419,1,roi_bac,67.969154,52
2518,419,1,roi_dic,68.71325,694
2519,419,1,roi_air,68.41129,4
2520,420,0,roi_bac,75.21899,1209
2521,420,0,roi_dic,76.962234,43
2522,420,0,roi_air,76.25306,1
2523,420,1,roi_bac,67.99297,57
2524,420,1,roi_dic,68.73616,677
2525,420,1,roi_air,68.44192,5
2526,421,0,roi_bac,75.21378,1209
2527,421,0,roi_dic,76.95934,38
2528,421,0,roi_air,76.229515,2
2529,421,1,roi_bac,67.96655,57
2530,421,1,roi_dic,68.693016,716
2531,421,1,roi_air,68.40443,4
2532,422,0,roi_bac,75.19445,1252
2533,422,0,roi_dic,76.93503,39
2534,422,0,roi_air,76.211845,2
2535,422,1,roi_bac,67.98839,51
2536,422,1,roi_dic,68.70739,722
2537,422,1,roi_air,68.45751,5
2538,423,0,roi_bac,75.161285,1231
2539,423,0,roi_dic,76.92228,46
2540,423,0,roi_air,76.22293,3
2541,423,1,roi_bac,67.9937,55
2542,423,1,roi_dic,68.710846,718
2543,423,1,roi_air,68.457214,7
2544,424,0,roi_bac,75.1829,1222
2545,424,0,roi_dic,76.91603,38
2546,424,0,roi_air,76.25349,5
2547,424,1,roi_bac,67.991196,51
2548,424,1,roi_dic,68.72541,704
2549,424,1,roi_air,68.448784,6
2550,425,0,roi_bac,75.17889,1213
2551,425,0,roi_dic,76.9146,36
2552,425,0,roi_air,76.25822,2
2553,425,1,roi_bac,67.95636,50
2554,425,1,roi_dic,68.67815,719
2555,425,1,roi_air,68.369896,5
2556,426,0,roi_bac,75.209656,1225
2557,426,0,roi_dic,76.95472,40
2558,426,0,roi_air,76.32825,4
2559,426,1,roi_bac,67.99005,44
2560,426,1,roi_dic,68.71545,693
2561,426,1,roi_air,68.43625,6
2562,427,0,roi_bac,75.174675,1217
2563,427,0,roi_dic,76.91147,35
2564,427,0,roi_air,76.285255,4
2565,427,1,roi_bac,67.977455,45
2566,427,1,roi_dic,68.71558,725
2567,427,1,roi_air,68.41815,8
2568,428,0,roi_bac,75.219765,1200
2569,428,0,roi_dic,76.96884,36
2570,428,0,roi_air,76.32011,3
2571,428,1,roi_bac,68.00694,53
2572,428,1,roi_dic,68.722435,741
2573,428,1,roi_air,68.46575,6
2574,429,0,roi_bac,75.167984,1217
2575,429,0,roi_dic,76.89832,41
2576,429,0,roi_air,76.258026,4
2577,429,1,roi_bac,67.96066,57
2578,429,1,roi_dic,68.68436,716
2579,429,1,roi_air,68.417206,4
2580,430,0,roi_bac,75.16294,1207
2581,430,0,roi_dic,76.89658,28
2582,430,0,roi_air,76.25243,3
2583,430,1,roi_bac,67.968056,50
2584,430,1,roi_dic,68.68803,760
2585,430,1,roi_air,68.42021,5
2586,431,0,roi_bac,75.183876,1223
2587,431,0,roi_dic,76.92459,33
2588,431,0,roi_air,76.30299,3
2589,431,1,roi_bac,67.992294,52
2590,431,1,roi_dic,68.705605,736
2591,431,1,roi_air,68.42254,5
2592,432,0,roi_bac,75.15199,1246
2593,432,0,roi_dic,76.8746,39
2594,432,0,roi_air,76.260864,3
2595,432,1,roi_bac,67.991,51
2596,432,1,roi_dic,68.70026,733
2597,432,1,roi_air,68.40432,6
2598,433,0,roi_bac,75.18264,1229
2599,433,0,roi_dic,76.90532,33
2600,433,0,roi_air,76.312996,3
2601,433,1,roi_bac,67.99316,56
2602,433,1,roi_dic,68.69341,752
2603,433,1,roi_air,68.41378,3
2604,434,0,roi_bac,75.15775,1223
2605,434,0,roi_dic,76.863304,37
2606,434,0,roi_air,76.22996,4
2607,434,1,roi_bac,67.96486,55
2608,434,1,roi_dic,68.66744,732
2609,434,1,roi_air,68.396545,6
2610,435,0,roi_bac,75.17286,1223
2611,435,0,roi_dic,76.89705,35
2612,435,0,roi_air,76.26422,4
2613,435,1,roi_bac,67.96796,48
2614,435,1,roi_dic,68.697205,745
2615,435,1,roi_air,68.446556,6
2616,436,0,roi_bac,75.17102,1248
2617,436,0,roi_dic,76.90664,38
2618,436,0,roi_air,76.29236,3
2619,436,1,roi_bac,67.96483,46
2620,436,1,roi_dic,68.68454,732
2621,436,1,roi_air,68.39422,4
2622,437,0,roi_bac,75.18053,1210
2623,437,0,roi_dic,76.89346,38
2624,437,0,roi_air,76.25409,4
2625,437,1,roi_bac,67.96306,45
2626,437,1,roi_dic,68.68311,734
2627,437,1,roi_air,68.39897,7
2628,438,0,roi_bac,75.17251,1236
2629,438,0,roi_dic,76.88332,45
2630,438,0,roi_air,76.25438,3
2631,438,1,roi_bac,67.99308,51
2632,438,1,roi_dic,68.698296,744
2633,438,1,roi_air,68.42604,5
2634,439,0,roi_bac,75.15444,1219
2635,439,0,roi_dic,76.85865,25
2636,439,0,roi_air,76.195114,3
2637,439,1,roi_bac,67.974396,56
2638,439,1,roi_dic,68.69102,781
2639,439,1,roi_air,68.42658,5
2640,440,0,roi_bac,75.160614,1210
2641,440,0,roi_dic,76.858376,42
2642,440,0,roi_air,76.259155,4
2643,440,1,roi_bac,67.989365,49
2644,440,1,roi_dic,68.67219,782
2645,440,1,roi_air,68.416046,7
2646,441,0,roi_bac,75.16284,1220
2647,441,0,roi_dic,76.85469,42
2648,441,0,roi_air,76.1785,6
2649,441,1,roi_bac,67.95013,44
2650,441,1,roi_dic,68.65146,776
2651,441,1,roi_air,68.37263,6
2652,442,0,roi_bac,75.16391,1229
2653,442,0,roi_dic,76.87654,42
2654,442,0,roi_air,76.20889,4
2655,442,1,roi_bac,67.96814,46
2656,442,1,roi_dic,68.67368,751
2657,442,1,roi_air,68.42493,5
2658,443,0,roi_bac,75.15119,1202
2659,443,0,roi_dic,76.84223,40
2660,443,0,roi_air,76.21455,7
2661,443,1,roi_bac,67.9572,45
2662,443,1,roi_dic,68.65259,752
2663,443,1,roi_air,68.38929,7
2664,444,0,roi_bac,75.17537,1212
2665,444,0,roi_dic,76.87136,42
2666,444,0,roi_air,76.20449,5
2667,444,1,roi_bac,67.999466,49
2668,444,1,roi_dic,68.69628,777
2669,444,1,roi_air,68.39813,6
2670,445,0,roi_bac,75.14455,1212
2671,445,0,roi_dic,76.83257,46
2672,445,0,roi_air,76.172035,4
2673,445,1,roi_bac,67.9749,46
2674,445,1,roi_dic,68.66475,749
2675,445,1,roi_air,68.38901,5
2676,446,0,roi_bac,75.18477,1211
2677,446,0,roi_dic,76.87469,28
2678,446,0,roi_air,76.15919,4
2679,446,1,roi_bac,67.97177,53
2680,446,1,roi_dic,68.672035,748
2681,446,1,roi_air,68.41809,5
2682,447,0,roi_bac,75.15501,1208
2683,447,0,roi_dic,76.83036,38
2684,447,0,roi_air,76.17642,4
2685,447,1,roi_bac,67.965324,52
2686,447,1,roi_dic,68.65821,761
2687,447,1,roi_air,68.40501,6
2688,448,0,roi_bac,75.16343,1212
2689,448,0,roi_dic,76.84285,41
2690,448,0,roi_air,76.17396,2
2691,448,1,roi_bac,67.980934,51
2692,448,1,roi_dic,68.673676,752
2693,448,1,roi_air,68.404945,5
2694,449,0,roi_bac,75.15585,1216
2695,449,0,roi_dic,76.83065,38
2696,449,0,roi_air,76.150536,2
2697,449,1,roi_bac,67.98254,53
2698,449,1,roi_dic,68.6709,734
2699,449,1,roi_air,68.43437,6
2700,450,0,roi_bac,75.126,1228
2701,450,0,roi_dic,76.77368,40
2702,450,0,roi_air,76.13952,1
2703,450,1,roi_bac,67.96279,46
2704,450,1,roi_dic,68.65338,725
2705,450,1,roi_air,68.38091,6
2706,451,0,roi_bac,75.14198,1220
2707,451,0,roi_dic,76.80037,37
2708,451,0,roi_air,76.14511,1
2709,451,1,roi_bac,67.961525,45
2710,451,1,roi_dic,68.65104,726
2711,451,1,roi_air,68.39219,6
2712,452,0,roi_bac,75.1251,1200
2713,452,0,roi_dic,76.77827,34
2714,452,0,roi_air,76.153076,1
2715,452,1,roi_bac,67.956276,47
2716,452,1,roi_dic,68.63475,710
2717,452,1,roi_air,68.38601,7
2718,453,0,roi_bac,75.16663,1201
2719,453,0,roi_dic,76.8281,42
2720,453,0,roi_air,76.21719,1
2721,453,1,roi_bac,67.973885,50
2722,453,1,roi_dic,68.65849,739
2723,453,1,roi_air,68.39701,6
2724,454,0,roi_bac,75.13902,1209
2725,454,0,roi_dic,76.784,43
2726,454,0,roi_air,76.14385,1
2727,454,1,roi_bac,67.94901,47
2728,454,1,roi_dic,68.64168,736
2729,454,1,roi_air,68.39635,7
2730,455,0,roi_bac,75.17795,1202
2731,455,0,roi_dic,76.83034,34
2732,455,0,roi_air,76.176674,1
2733,455,1,roi_bac,67.97371,54
2734,455,1,roi_dic,68.663734,751
2735,455,1,roi_air,68.409485,6
2736,456,0,roi_bac,75.119194,1179
2737,456,0,roi_dic,76.77145,36
2738,456,0,roi_air,76.1447,2
2739,456,1,roi_bac,67.95889,50
2740,456,1,roi_dic,68.63596,769
2741,456,1,roi_air,68.39996,8
2742,457,0,roi_bac,75.18536,1159
2743,457,0,roi_dic,76.833824,32
2744,457,0,roi_air,76.180786,2
2745,457,1,roi_bac,67.98288,50
2746,457,1,roi_dic,68.659454,748
2747,457,1,roi_air,68.4029,7
2748,458,0,roi_bac,75.11446,1185
2749,458,0,roi_dic,76.74502,40
2750,458,0,roi_air,76.12472,2
2751,458,1,roi_bac,67.95431,55
2752,458,1,roi_dic,68.620056,786
2753,458,1,roi_air,68.38208,4
2754,459,0,roi_bac,75.16327,1150
2755,459,0,roi_dic,76.81498,34
2756,459,0,roi_air,76.188286,2
2757,459,1,roi_bac,67.958755,46
2758,459,1,roi_dic,68.649704,765
2759,459,1,roi_air,68.41756,5
2760,460,0,roi_bac,75.131004,1157
2761,460,0,roi_dic,76.75998,38
2762,460,0,roi_air,76.11076,2
2763,460,1,roi_bac,67.97904,48
2764,460,1,roi_dic,68.65492,738
2765,460,1,roi_air,68.40629,5
2766,461,0,roi_bac,75.12993,1160
2767,461,0,roi_dic,76.75858,34
2768,461,0,roi_air,76.1421,3
2769,461,1,roi_bac,67.96083,50
2770,461,1,roi_dic,68.62713,796
2771,461,1,roi_air,68.3961,5
2772,462,0,roi_bac,75.13707,1170
2773,462,0,roi_dic,76.771706,45
2774,462,0,roi_air,76.13433,2
2775,462,1,roi_bac,67.96681,45
2776,462,1,roi_dic,68.64456,735
2777,462,1,roi_air,68.41251,6
2778,463,0,roi_bac,75.12557,1177
2779,463,0,roi_dic,76.750206,36
2780,463,0,roi_air,76.145874,2
2781,463,1,roi_bac,67.96856,41
2782,463,1,roi_dic,68.641365,780
2783,463,1,roi_air,68.42517,4
2784,464,0,roi_bac,75.14633,1164
2785,464,0,roi_dic,76.763824,37
2786,464,0,roi_air,76.13797,2
2787,464,1,roi_bac,67.972015,54
2788,464,1,roi_dic,68.652664,797
2789,464,1,roi_air,68.42276,7
2790,465,0,roi_bac,75.10486,1161
2791,465,0,roi_dic,76.69294,38
2792,465,0,roi_air,76.101006,2
2793,465,1,roi_bac,67.94754,47
2794,465,1,roi_dic,68.62254,750
2795,465,1,roi_air,68.374825,5
2796,466,0,roi_bac,75.1388,1164
2797,466,0,roi_dic,76.74754,35
2798,466,0,roi_air,76.11134,2
2799,466,1,roi_bac,67.962326,49
2800,466,1,roi_dic,68.638535,791
2801,466,1,roi_air,68.43434,4
2802,467,0,roi_bac,75.10578,1165
2803,467,0,roi_dic,76.673195,36
2804,467,0,roi_air,76.11742,2
2805,467,1,roi_bac,67.9654,49
2806,467,1,roi_dic,68.64891,736
2807,467,1,roi_air,68.41094,5
2808,468,0,roi_bac,75.13478,1169
2809,468,0,roi_dic,76.70605,30
2810,468,0,roi_air,76.073845,2
2811,468,1,roi_bac,67.97329,52
2812,468,1,roi_dic,68.638954,730
2813,468,1,roi_air,68.41885,5
2814,469,0,roi_bac,75.10025,1190
2815,469,0,roi_dic,76.65073,47
2816,469,0,roi_air,76.05748,2
2817,469,1,roi_bac,67.94251,50
2818,469,1,roi_dic,68.62748,718
2819,469,1,roi_air,68.38639,6
2820,470,0,roi_bac,75.09153,1164
2821,470,0,roi_dic,76.628204,37
2822,470,0,roi_air,76.03839,2
2823,470,1,roi_bac,67.94627,49
2824,470,1,roi_dic,68.64523,711
2825,470,1,roi_air,68.41014,7
2826,471,0,roi_bac,75.106316,1183
2827,471,0,roi_dic,76.6626,43
2828,471,0,roi_air,76.07273,2
2829,471,1,roi_bac,67.9581,52
2830,471,1,roi_dic,68.63712,695
2831,471,1,roi_air,68.39427,6
2832,472,0,roi_bac,75.06798,1169
2833,472,0,roi_dic,76.6194,32
2834,472,0,roi_air,76.03072,2
2835,472,1,roi_bac,67.940865,44
2836,472,1,roi_dic,68.6241,683
2837,472,1,roi_air,68.38052,8
2838,473,0,roi_bac,75.09227,1204
2839,473,0,roi_dic,76.653305,33
2840,473,0,roi_air,76.06416,2
2841,473,1,roi_bac,67.9451,53
2842,473,1,roi_dic,68.630905,703
2843,473,1,roi_air,68.39358,7
2844,474,0,roi_bac,75.08483,1177
2845,474,0,roi_dic,76.627785,43
2846,474,0,roi_air,76.064224,2
2847,474,1,roi_bac,67.94995,52
2848,474,1,roi_dic,68.62567,710
2849,474,1,roi_air,68.374756,6
2850,475,0,roi_bac,75.10773,1174
2851,475,0,roi_dic,76.65743,29
2852,475,0,roi_air,76.04137,2
2853,475,1,roi_bac,67.937706,53
2854,475,1,roi_dic,68.60464,744
2855,475,1,roi_air,68.37572,6
2856,476,0,roi_bac,75.09367,1177
2857,476,0,roi_dic,76.651115,36
2858,476,0,roi_air,76.077896,2
2859,476,1,roi_bac,67.94591,52
2860,476,1,roi_dic,68.60525,762
2861,476,1,roi_air,68.383064,8
2862,477,0,roi_bac,75.0765,1159
2863,477,0,roi_dic,76.62974,38
2864,477,0,roi_air,76.03502,2
2865,477,1,roi_bac,67.961235,53
2866,477,1,roi_dic,68.60524,770
2867,477,1,roi_air,68.39656,5
2868,478,0,roi_bac,75.11413,1161
2869,478,0,roi_dic,76.65385,40
2870,478,0,roi_air,76.071,2
2871,478,1,roi_bac,67.9497,55
2872,478,1,roi_dic,68.59034,776
2873,478,1,roi_air,68.4216,5
2874,479,0,roi_bac,75.073975,1173
2875,479,0,roi_dic,76.62119,33
2876,479,0,roi_air,76.03219,2
2877,479,1,roi_bac,67.949585,43
2878,479,1,roi_dic,68.591805,799
2879,479,1,roi_air,68.39538,7
2880,480,0,roi_bac,75.077644,1181
2881,480,0,roi_dic,76.62018,41
2882,480,0,roi_air,76.00582,3
2883,480,1,roi_bac,67.94065,51
2884,480,1,roi_dic,68.598114,737
2885,480,1,roi_air,68.399284,6
2886,481,0,roi_bac,75.07281,1164
2887,481,0,roi_dic,76.61954,43
2888,481,0,roi_air,76.01215,3
2889,481,1,roi_bac,67.95492,46
2890,481,1,roi_dic,68.598724,751
2891,481,1,roi_air,68.389465,6
2892,482,0,roi_bac,75.11686,1169
2893,482,0,roi_dic,76.66645,29
2894,482,0,roi_air,76.06235,3
2895,482,1,roi_bac,67.94045,51
2896,482,1,roi_dic,68.613106,771
2897,482,1,roi_air,68.405235,7
2898,483,0,roi_bac,75.07685,1164
2899,483,0,roi_dic,76.61452,33
2900,483,0,roi_air,76.049866,3
2901,483,1,roi_bac,67.93255,47
2902,483,1,roi_dic,68.57625,755
2903,483,1,roi_air,68.37927,5
2904,484,0,roi_bac,75.07027,1202
2905,484,0,roi_dic,76.613144,33
2906,484,0,roi_air,76.02949,3
2907,484,1,roi_bac,67.93078,48
2908,484,1,roi_dic,68.594185,745
2909,484,1,roi_air,68.37312,6
2910,485,0,roi_bac,75.08324,1178
2911,485,0,roi_dic,76.61436,47
2912,485,0,roi_air,76.03621,3
2913,485,1,roi_bac,67.9643,46
2914,485,1,roi_dic,68.60416,768
2915,485,1,roi_air,68.40649,6
2916,486,0,roi_bac,75.062065,1196
2917,486,0,roi_dic,76.60384,37
2918,486,0,roi_air,76.05425,3
2919,486,1,roi_bac,67.93441,48
2920,486,1,roi_dic,68.59523,723
2921,486,1,roi_air,68.41485,5
2922,487,0,roi_bac,75.0827,1199
2923,487,0,roi_dic,76.623924,41
2924,487,0,roi_air,76.07016,4
2925,487,1,roi_bac,67.949615,43
2926,487,1,roi_dic,68.604996,740
2927,487,1,roi_air,68.38799,5
2928,488,0,roi_bac,75.06004,1177
2929,488,0,roi_dic,76.59152,33
2930,488,0,roi_air,76.010086,4
2931,488,1,roi_bac,67.949715,52
2932,488,1,roi_dic,68.58618,733
2933,488,1,roi_air,68.3923,6
2934,489,0,roi_bac,75.10797,1181
2935,489,0,roi_dic,76.66986,28
2936,489,0,roi_air,76.05045,4
2937,489,1,roi_bac,67.956345,42
2938,489,1,roi_dic,68.62398,756
2939,489,1,roi_air,68.37846,5
2940,490,0,roi_bac,75.05361,1186
2941,490,0,roi_dic,76.57449,32
2942,490,0,roi_air,76.0159,4
2943,490,1,roi_bac,67.95035,45
2944,490,1,roi_dic,68.59316,755
2945,490,1,roi_air,68.39777,5
2946,491,0,roi_bac,75.09752,1175
2947,491,0,roi_dic,76.65053,32
2948,491,0,roi_air,76.04318,4
2949,491,1,roi_bac,67.93479,48
2950,491,1,roi_dic,68.58126,715
2951,491,1,roi_air,68.35654,5
2952,492,0,roi_bac,75.06277,1175
2953,492,0,roi_dic,76.60249,39
2954,492,0,roi_air,76.055534,4
2955,492,1,roi_bac,67.96466,49
2956,492,1,roi_dic,68.60576,737
2957,492,1,roi_air,68.39684,5
2958,493,0,roi_bac,75.04905,1159
2959,493,0,roi_dic,76.585754,35
2960,493,0,roi_air,76.02949,4
2961,493,1,roi_bac,67.94372,46
2962,493,1,roi_dic,68.588394,750
2963,493,1,roi_air,68.39565,6
2964,494,0,roi_bac,75.0718,1168
2965,494,0,roi_dic,76.59556,37
2966,494,0,roi_air,76.0715,4
2967,494,1,roi_bac,67.965454,50
2968,494,1,roi_dic,68.609314,747
2969,494,1,roi_air,68.39606,7
2970,495,0,roi_bac,75.081184,1166
2971,495,0,roi_dic,76.5998,38
2972,495,0,roi_air,76.04981,4
2973,495,1,roi_bac,67.9444,50
2974,495,1,roi_dic,68.57538,755
2975,495,1,roi_air,68.39512,6
2976,496,0,roi_bac,75.05711,1180
2977,496,0,roi_dic,76.5768,38
2978,496,0,roi_air,76.003,4
2979,496,1,roi_bac,67.9389,53
2980,496,1,roi_dic,68.574745,732
2981,496,1,roi_air,68.38979,5
2982,497,0,roi_bac,75.08145,1190
2983,497,0,roi_dic,76.60069,34
2984,497,0,roi_air,76.05246,4
2985,497,1,roi_bac,67.94515,46
2986,497,1,roi_dic,68.578514,745
2987,497,1,roi_air,68.39291,5
2988,498,0,roi_bac,75.06646,1159
2989,498,0,roi_dic,76.58658,36
2990,498,0,roi_air,76.02521,4
2991,498,1,roi_bac,67.94371,45
2992,498,1,roi_dic,68.580795,746
2993,498,1,roi_air,68.36034,5
2994,499,0,roi_bac,75.077705,1161
2995,499,0,roi_dic,76.59131,33
2996,499,0,roi_air,76.03938,4
2997,499,1,roi_bac,67.9502,51
2998,499,1,roi_dic,68.579315,767
2999,499,1,roi_air,68.4089,6
3000,500,0,roi_bac,75.0656,1155
3001,500,0,roi_dic,76.562256,38
3002,500,0,roi_air,75.99127,5
3003,500,1,roi_bac,67.93223,55
3004,500,1,roi_dic,68.57721,795
3005,500,1,roi_air,68.39156,6
3006,501,0,roi_bac,75.08179,1209
3007,501,0,roi_dic,76.60016,33
3008,501,0,roi_air,75.99431,4
3009,501,1,roi_bac,67.934875,47
3010,501,1,roi_dic,68.57276,786
3011,501,1,roi_air,68.40736,5
3012,502,0,roi_bac,75.07107,1193
3013,502,0,roi_dic,76.56843,31
3014,502,0,roi_air,75.990395,4
3015,502,1,roi_bac,67.96284,50
3016,502,1,roi_dic,68.58947,744
3017,502,1,roi_air,68.38385,5
3018,503,0,roi_bac,75.03651,1178
3019,503,0,roi_dic,76.5367,31
3020,503,0,roi_air,75.994415,3
3021,503,1,roi_bac,67.95505,51
3022,503,1,roi_dic,68.58346,784
3023,503,1,roi_air,68.37254,5
3024,504,0,roi_bac,75.07967,1149
3025,504,0,roi_dic,76.59079,40
3026,504,0,roi_air,76.02308,2
3027,504,1,roi_bac,67.945,48
3028,504,1,roi_dic,68.57299,737
3029,504,1,roi_air,68.38492,5
3030,505,0,roi_bac,75.055664,1167
3031,505,0,roi_dic,76.53529,39
3032,505,0,roi_air,75.99121,3
3033,505,1,roi_bac,67.9534,40
3034,505,1,roi_dic,68.585655,753
3035,505,1,roi_air,68.38515,5
3036,506,0,roi_bac,75.06569,1177
3037,506,0,roi_dic,76.55688,39
3038,506,0,roi_air,76.016846,3
3039,506,1,roi_bac,67.939186,47
3040,506,1,roi_dic,68.5685,734
3041,506,1,roi_air,68.38288,5
3042,507,0,roi_bac,75.05569,1154
3043,507,0,roi_dic,76.55041,41
3044,507,0,roi_air,76.00009,3
3045,507,1,roi_bac,67.93117,49
3046,507,1,roi_dic,68.55206,773
3047,507,1,roi_air,68.37889,5
3048,508,0,roi_bac,75.10428,1133
3049,508,0,roi_dic,76.60944,30
3050,508,0,roi_air,76.01225,3
3051,508,1,roi_bac,67.93539,50
3052,508,1,roi_dic,68.568886,745
3053,508,1,roi_air,68.38409,5
3054,509,0,roi_bac,75.057556,1133
3055,509,0,roi_dic,76.55516,36
3056,509,0,roi_air,76.00248,3
3057,509,1,roi_bac,67.94041,48
3058,509,1,roi_dic,68.58342,790
3059,509,1,roi_air,68.39398,5
3060,510,0,roi_bac,75.10766,1134
3061,510,0,roi_dic,76.60278,26
3062,510,0,roi_air,76.005844,3
3063,510,1,roi_bac,67.95609,46
3064,510,1,roi_dic,68.59466,797
3065,510,1,roi_air,68.3771,5
3066,511,0,roi_bac,75.039925,1132
3067,511,0,roi_dic,76.52432,29
3068,511,0,roi_air,75.968414,3
3069,511,1,roi_bac,67.949814,43
3070,511,1,roi_dic,68.57979,781
3071,511,1,roi_air,68.38326,5
3072,512,0,roi_bac,75.03167,1160
3073,512,0,roi_dic,76.54499,33
3074,512,0,roi_air,75.97431,3
3075,512,1,roi_bac,67.935555,42
3076,512,1,roi_dic,68.552376,841
3077,512,1,roi_air,68.36645,5
3078,513,0,roi_bac,75.06078,1183
3079,513,0,roi_dic,76.562416,36
3080,513,0,roi_air,76.030235,3
3081,513,1,roi_bac,67.948395,45
3082,513,1,roi_dic,68.555046,821
3083,513,1,roi_air,68.39266,7
3084,514,0,roi_bac,75.02587,1175
3085,514,0,roi_dic,76.5032,34
3086,514,0,roi_air,75.95094,3
3087,514,1,roi_bac,67.948586,45
3088,514,1,roi_dic,68.54316,847
3089,514,1,roi_air,68.38836,4
3090,515,0,roi_bac,75.07259,1183
3091,515,0,roi_dic,76.58458,34
3092,515,0,roi_air,76.0278,3
3093,515,1,roi_bac,67.93674,55
3094,515,1,roi_dic,68.52982,805
3095,515,1,roi_air,68.38856,4
3096,516,0,roi_bac,75.06019,1163
3097,516,0,roi_dic,76.56104,33
3098,516,0,roi_air,76.01054,3
3099,516,1,roi_bac,67.939476,51
3100,516,1,roi_dic,68.546104,846
3101,516,1,roi_air,68.416145,5
3102,517,0,roi_bac,75.01305,1164
3103,517,0,roi_dic,76.49064,33
3104,517,0,roi_air,75.96026,3
3105,517,1,roi_bac,67.935265,50
3106,517,1,roi_dic,68.52159,818
3107,517,1,roi_air,68.36548,4
3108,518,0,roi_bac,75.04732,1149
3109,518,0,roi_dic,76.51573,33
3110,518,0,roi_air,75.99893,3
3111,518,1,roi_bac,67.95957,56
3112,518,1,roi_dic,68.54096,818
3113,518,1,roi_air,68.372604,5
3114,519,0,roi_bac,75.03672,1172
3115,519,0,roi_dic,76.496414,29
3116,519,0,roi_air,75.98782,2
3117,519,1,roi_bac,67.935036,47
3118,519,1,roi_dic,68.517815,827
3119,519,1,roi_air,68.39867,4
3120,520,0,roi_bac,75.06382,1184
3121,520,0,roi_dic,76.54473,35
3122,520,0,roi_air,76.00686,2
3123,520,1,roi_bac,67.942604,52
3124,520,1,roi_dic,68.524666,831
3125,520,1,roi_air,68.36342,4
3126,521,0,roi_bac,75.03238,1173
3127,521,0,roi_dic,76.50093,31
3128,521,0,roi_air,75.9901,2
3129,521,1,roi_bac,67.92958,56
3130,521,1,roi_dic,68.51292,825
3131,521,1,roi_air,68.3968,5
3132,522,0,roi_bac,75.0736,1183
3133,522,0,roi_dic,76.56546,27
3134,522,0,roi_air,76.03997,2
3135,522,1,roi_bac,67.94841,49
3136,522,1,roi_dic,68.5502,857
3137,522,1,roi_air,68.41306,4
3138,523,0,roi_bac,75.02516,1175
3139,523,0,roi_dic,76.48507,32
3140,523,0,roi_air,75.97468,3
3141,523,1,roi_bac,67.94502,55
3142,523,1,roi_dic,68.521454,800
3143,523,1,roi_air,68.40259,4
3144,524,0,roi_bac,75.01682,1176
3145,524,0,roi_dic,76.48574,30
3146,524,0,roi_air,75.95202,2
3147,524,1,roi_bac,67.91721,56
3148,524,1,roi_dic,68.50407,806
3149,524,1,roi_air,68.364235,7
3150,525,0,roi_bac,75.02555,1162
3151,525,0,roi_dic,76.5212,35
3152,525,0,roi_air,76.01281,2
3153,525,1,roi_bac,67.94713,55
3154,525,1,roi_dic,68.540054,816
3155,525,1,roi_air,68.39725,5
3156,526,0,roi_bac,75.02825,1161
3157,526,0,roi_dic,76.50647,26
3158,526,0,roi_air,76.005135,3
3159,526,1,roi_bac,67.924286,51
3160,526,1,roi_dic,68.5271,789
3161,526,1,roi_air,68.357956,4
3162,527,0,roi_bac,75.04961,1169
3163,527,0,roi_dic,76.52598,26
3164,527,0,roi_air,76.01408,2
3165,527,1,roi_bac,67.94483,59
3166,527,1,roi_dic,68.52472,815
3167,527,1,roi_air,68.37166,4
3168,528,0,roi_bac,75.010155,1161
3169,528,0,roi_dic,76.49411,31
3170,528,0,roi_air,75.998436,2
3171,528,1,roi_bac,67.95397,49
3172,528,1,roi_dic,68.53744,796
3173,528,1,roi_air,68.39436,4
3174,529,0,roi_bac,75.016075,1172
3175,529,0,roi_dic,76.48252,26
3176,529,0,roi_air,75.99684,2
3177,529,1,roi_bac,67.944595,48
3178,529,1,roi_dic,68.52905,768
3179,529,1,roi_air,68.38957,3
3180,530,0,roi_bac,75.036,1182
3181,530,0,roi_dic,76.504585,35
3182,530,0,roi_air,76.01205,2
3183,530,1,roi_bac,67.95028,47
3184,530,1,roi_dic,68.539,802
3185,530,1,roi_air,68.38856,4
3186,531,0,roi_bac,74.98941,1155
3187,531,0,roi_dic,76.447784,24
3188,531,0,roi_air,75.976105,2
3189,531,1,roi_bac,67.927345,50
3190,531,1,roi_dic,68.50995,814
3191,531,1,roi_air,68.40871,3
3192,532,0,roi_bac,75.02629,1136
3193,532,0,roi_dic,76.49141,34
3194,532,0,roi_air,76.00088,3
3195,532,1,roi_bac,67.9348,46
3196,532,1,roi_dic,68.53813,824
3197,532,1,roi_air,68.41982,4
3198,533,0,roi_bac,75.03095,1166
3199,533,0,roi_dic,76.50954,25
3200,533,0,roi_air,76.004745,2
3201,533,1,roi_bac,67.91704,57
3202,533,1,roi_dic,68.50857,779
3203,533,1,roi_air,68.385826,3
3204,534,0,roi_bac,74.96956,1144
3205,534,0,roi_dic,76.43533,37
3206,534,0,roi_air,75.93173,2
3207,534,1,roi_bac,67.9417,51
3208,534,1,roi_dic,68.51517,794
3209,534,1,roi_air,68.362076,6
3210,535,0,roi_bac,75.03091,1161
3211,535,0,roi_dic,76.496346,33
3212,535,0,roi_air,76.01828,2
3213,535,1,roi_bac,67.94167,58
3214,535,1,roi_dic,68.5238,804
3215,535,1,roi_air,68.39488,4
3216,536,0,roi_bac,75.009384,1139
3217,536,0,roi_dic,76.4702,29
3218,536,0,roi_air,76.0071,2
3219,536,1,roi_bac,67.93182,51
3220,536,1,roi_dic,68.515015,815
3221,536,1,roi_air,68.40995,4
3222,537,0,roi_bac,75.03607,1162
3223,537,0,roi_dic,76.49024,35
3224,537,0,roi_air,75.99828,2
3225,537,1,roi_bac,67.93307,55
3226,537,1,roi_dic,68.517044,805
3227,537,1,roi_air,68.41783,4
3228,538,0,roi_bac,75.014946,1153
3229,538,0,roi_dic,76.47451,28
3230,538,0,roi_air,75.96758,2
3231,538,1,roi_bac,67.94007,55
3232,538,1,roi_dic,68.51971,804
3233,538,1,roi_air,68.38031,4
3234,539,0,roi_bac,75.015236,1153
3235,539,0,roi_dic,76.483765,25
3236,539,0,roi_air,75.949615,2
3237,539,1,roi_bac,67.91788,49
3238,539,1,roi_dic,68.5145,811
3239,539,1,roi_air,68.35755,4
3240,540,0,roi_bac,74.998276,1130
3241,540,0,roi_dic,76.45237,32
3242,540,0,roi_air,75.9976,2
3243,540,1,roi_bac,67.940506,56
3244,540,1,roi_dic,68.52667,779
3245,540,1,roi_air,68.37769,3
3246,541,0,roi_bac,74.96901,1180
3247,541,0,roi_dic,76.430725,30
3248,541,0,roi_air,75.94406,2
3249,541,1,roi_bac,67.925896,58
3250,541,1,roi_dic,68.50895,783
3251,541,1,roi_air,68.359085,5
3252,542,0,roi_bac,75.00657,1156
3253,542,0,roi_dic,76.4495,30
3254,542,0,roi_air,75.950554,2
3255,542,1,roi_bac,67.94765,55
3256,542,1,roi_dic,68.53567,744
3257,542,1,roi_air,68.39275,4
3258,543,0,roi_bac,74.98558,1171
3259,543,0,roi_dic,76.434166,40
3260,543,0,roi_air,75.95616,2
3261,543,1,roi_bac,67.92032,54
3262,543,1,roi_dic,68.50759,766
3263,543,1,roi_air,68.379974,3
3264,544,0,roi_bac,74.99586,1185
3265,544,0,roi_dic,76.46054,26
3266,544,0,roi_air,75.9053,2
3267,544,1,roi_bac,67.93085,54
3268,544,1,roi_dic,68.541306,724
3269,544,1,roi_air,68.379555,5
3270,545,0,roi_bac,74.998405,1163
3271,545,0,roi_dic,76.45681,31
3272,545,0,roi_air,75.97299,2
3273,545,1,roi_bac,67.928024,48
3274,545,1,roi_dic,68.515274,742
3275,545,1,roi_air,68.38597,5
3276,546,0,roi_bac,74.983864,1163
3277,546,0,roi_dic,76.41811,27
3278,546,0,roi_air,75.93942,2
3279,546,1,roi_bac,67.91875,53
3280,546,1,roi_dic,68.51637,744
3281,546,1,roi_air,68.37457,4
3282,547,0,roi_bac,75.00279,1163
3283,547,0,roi_dic,76.45774,30
3284,547,0,roi_air,75.94377,3
3285,547,1,roi_bac,67.94305,49
3286,547,1,roi_dic,68.53612,739
3287,547,1,roi_air,68.42131,3
3288,548,0,roi_bac,74.993965,1179
3289,548,0,roi_dic,76.441956,32
3290,548,0,roi_air,75.985886,3
3291,548,1,roi_bac,67.91876,59
3292,548,1,roi_dic,68.50464,747
3293,548,1,roi_air,68.38029,3
3294,549,0,roi_bac,74.991104,1163
3295,549,0,roi_dic,76.43414,34
3296,549,0,roi_air,75.948296,2
3297,549,1,roi_bac,67.92245,49
3298,549,1,roi_dic,68.500175,764
3299,549,1,roi_air,68.35497,3
3300,550,0,roi_bac,74.97108,1194
3301,550,0,roi_dic,76.42315,29
3302,550,0,roi_air,75.96106,1
3303,550,1,roi_bac,67.92893,47
3304,550,1,roi_dic,68.50086,779
3305,550,1,roi_air,68.40153,3
3306,551,0,roi_bac,74.991875,1209
3307,551,0,roi_dic,76.46781,27
3308,551,0,roi_air,75.94598,1
3309,551,1,roi_bac,67.9243,52
3310,551,1,roi_dic,68.50997,791
3311,551,1,roi_air,68.38278,3
3312,552,0,roi_bac,74.992035,1194
3313,552,0,roi_dic,76.44666,34
3314,552,0,roi_air,75.93958,2
3315,552,1,roi_bac,67.94328,44
3316,552,1,roi_dic,68.51414,772
3317,552,1,roi_air,68.42007,4
3318,553,0,roi_bac,74.97034,1181
3319,553,0,roi_dic,76.41954,25
3320,553,0,roi_air,75.92758,3
3321,553,1,roi_bac,67.93052,52
3322,553,1,roi_dic,68.50288,793
3323,553,1,roi_air,68.39625,4
3324,554,0,roi_bac,74.992065,1175
3325,554,0,roi_dic,76.45065,25
3326,554,0,roi_air,75.962456,2
3327,554,1,roi_bac,67.92869,51
3328,554,1,roi_dic,68.49256,777
3329,554,1,roi_air,68.379776,4
3330,555,0,roi_bac,74.97044,1136
3331,555,0,roi_dic,76.43072,26
3332,555,0,roi_air,75.94496,2
3333,555,1,roi_bac,67.93313,56
3334,555,1,roi_dic,68.48684,798
3335,555,1,roi_air,68.37657,4
3336,556,0,roi_bac,74.96851,1180
3337,556,0,roi_dic,76.44531,28
3338,556,0,roi_air,75.88306,2
3339,556,1,roi_bac,67.93792,57
3340,556,1,roi_dic,68.5112,800
3341,556,1,roi_air,68.37556,5
3342,557,0,roi_bac,74.9753,1183
3343,557,0,roi_dic,76.43061,37
3344,557,0,roi_air,75.94719,2
3345,557,1,roi_bac,67.94505,51
3346,557,1,roi_dic,68.50101,793
3347,557,1,roi_air,68.387764,4
3348,558,0,roi_bac,74.95273,1201
3349,558,0,roi_dic,76.41994,28
3350,558,0,roi_air,75.867836,2
3351,558,1,roi_bac,67.91613,61
3352,558,1,roi_dic,68.46745,768
3353,558,1,roi_air,68.33834,3
3354,559,0,roi_bac,74.9665,1221
3355,559,0,roi_dic,76.419365,29
3356,559,0,roi_air,75.931885,1
3357,559,1,roi_bac,67.93029,49
3358,559,1,roi_dic,68.48188,757
3359,559,1,roi_air,68.39635,4
3360,560,0,roi_bac,74.94172,1181
3361,560,0,roi_dic,76.40258,26
3362,560,0,roi_air,75.89241,2
3363,560,1,roi_bac,67.92479,51
3364,560,1,roi_dic,68.478676,753
3365,560,1,roi_air,68.361595,4
3366,561,0,roi_bac,74.97164,1196
3367,561,0,roi_dic,76.41804,33
3368,561,0,roi_air,75.94359,1
3369,561,1,roi_bac,67.93577,47
3370,561,1,roi_dic,68.49919,777
3371,561,1,roi_air,68.39368,2
3372,562,0,roi_bac,74.94983,1217
3373,562,0,roi_dic,76.39805,26
3374,562,0,roi_air,75.88876,2
3375,562,1,roi_bac,67.935005,56
3376,562,1,roi_dic,68.48079,780
3377,562,1,roi_air,68.4105,4
3378,563,0,roi_bac,74.97493,1232
3379,563,0,roi_dic,76.45193,25
3380,563,0,roi_air,75.92322,1
3381,563,1,roi_bac,67.93301,52
3382,563,1,roi_dic,68.49543,771
3383,563,1,roi_air,68.43282,5
3384,564,0,roi_bac,74.95849,1191
3385,564,0,roi_dic,76.40048,21
3386,564,0,roi_air,75.92593,2
3387,564,1,roi_bac,67.920944,53
3388,564,1,roi_dic,68.47317,760
3389,564,1,roi_air,68.448654,7
3390,565,0,roi_bac,74.927055,1223
3391,565,0,roi_dic,76.37888,25
3392,565,0,roi_air,75.88993,2
3393,565,1,roi_bac,67.92161,48
3394,565,1,roi_dic,68.464645,777
3395,565,1,roi_air,68.51293,10
3396,566,0,roi_bac,74.96499,1188
3397,566,0,roi_dic,76.41924,33
3398,566,0,roi_air,75.935555,2
3399,566,1,roi_bac,67.94711,45
3400,566,1,roi_dic,68.49437,748
3401,566,1,roi_air,68.553375,7
3402,567,0,roi_bac,74.92869,1208
3403,567,0,roi_dic,76.36494,26
3404,567,0,roi_air,75.85511,2
3405,567,1,roi_bac,67.90329,53
3406,567,1,roi_dic,68.45779,754
3407,567,1,roi_air,68.481445,8
3408,568,0,roi_bac,74.953865,1203
3409,568,0,roi_dic,76.41504,31
3410,568,0,roi_air,75.91678,2
3411,568,1,roi_bac,67.94066,48
3412,568,1,roi_dic,68.49886,758
3413,568,1,roi_air,68.53616,7
3414,569,0,roi_bac,74.93019,1193
3415,569,0,roi_dic,76.37675,30
3416,569,0,roi_air,75.92486,2
3417,569,1,roi_bac,67.92491,51
3418,569,1,roi_dic,68.46115,787
3419,569,1,roi_air,68.54521,10
3420,570,0,roi_bac,74.91557,1231
3421,570,0,roi_dic,76.36233,32
3422,570,0,roi_air,75.86967,2
3423,570,1,roi_bac,67.91556,56
3424,570,1,roi_dic,68.47557,767
3425,570,1,roi_air,68.515114,10
3426,571,0,roi_bac,74.965225,1242
3427,571,0,roi_dic,76.43845,36
3428,571,0,roi_air,75.90591,2
3429,571,1,roi_bac,67.922966,50
3430,571,1,roi_dic,68.48464,728
3431,571,1,roi_air,68.52717,9
3432,572,0,roi_bac,74.92196,1249
3433,572,0,roi_dic,76.38783,27
3434,572,0,roi_air,75.89585,2
3435,572,1,roi_bac,67.92869,58
3436,572,1,roi_dic,68.47874,774
3437,572,1,roi_air,68.54209,7
3438,573,0,roi_bac,74.90063,1234
3439,573,0,roi_dic,76.35167,30
3440,573,0,roi_air,75.85214,2
3441,573,1,roi_bac,67.92209,55
3442,573,1,roi_dic,68.47509,729
3443,573,1,roi_air,68.55451,7
3444,574,0,roi_bac,74.96565,1236
3445,574,0,roi_dic,76.42591,38
3446,574,0,roi_air,75.883766,2
3447,574,1,roi_bac,67.924576,53
3448,574,1,roi_dic,68.47549,773
3449,574,1,roi_air,68.557014,6
3450,575,0,roi_bac,74.931625,1224
3451,575,0,roi_dic,76.38246,28
3452,575,0,roi_air,75.87179,2
3453,575,1,roi_bac,67.94043,59
3454,575,1,roi_dic,68.47461,757
3455,575,1,roi_air,68.61886,13
3456,576,0,roi_bac,74.9263,1234
3457,576,0,roi_dic,76.367294,35
3458,576,0,roi_air,75.888306,2
3459,576,1,roi_bac,67.90958,60
3460,576,1,roi_dic,68.44601,784
3461,576,1,roi_air,68.53128,11
