,t,channel,roi_name,mean,cell_count
0,0,0,roi_bac,140.4028,70
1,0,0,roi_dic,123.37163,1612
2,0,0,roi_air,107.01456,0
3,0,1,roi_bac,75.63369,1
4,0,1,roi_dic,82.98702,1516
5,0,1,roi_air,75.81743,0
6,1,0,roi_bac,141.09181,78
7,1,0,roi_dic,118.04028,1700
8,1,0,roi_air,105.50783,1
9,1,1,roi_bac,75.62762,1
10,1,1,roi_dic,82.89364,1589
11,1,1,roi_air,75.77554,0
12,2,0,roi_bac,141.05847,109
13,2,0,roi_dic,113.07598,1682
14,2,0,roi_air,104.517975,0
15,2,1,roi_bac,75.60219,1
16,2,1,roi_dic,82.62424,1565
17,2,1,roi_air,75.718666,0
18,3,0,roi_bac,140.80911,100
19,3,0,roi_dic,108.37469,1688
20,3,0,roi_air,103.53645,1
21,3,1,roi_bac,75.63523,1
22,3,1,roi_dic,82.51454,1585
23,3,1,roi_air,75.76706,0
24,4,0,roi_bac,140.27629,134
25,4,0,roi_dic,104.18765,1723
26,4,0,roi_air,102.540955,0
27,4,1,roi_bac,75.60315,1
28,4,1,roi_dic,82.28602,1529
29,4,1,roi_air,75.70028,0
30,5,0,roi_bac,139.51968,156
31,5,0,roi_dic,100.372734,1728
32,5,0,roi_air,101.524376,1
33,5,1,roi_bac,75.589745,1
34,5,1,roi_dic,82.08161,1568
35,5,1,roi_air,75.60798,0
36,6,0,roi_bac,139.01195,184
37,6,0,roi_dic,97.617676,1701
38,6,0,roi_air,100.851456,1
39,6,1,roi_bac,75.6011,1
40,6,1,roi_dic,81.9967,1567
41,6,1,roi_air,75.65342,0
42,7,0,roi_bac,138.06932,209
43,7,0,roi_dic,95.11516,1634
44,7,0,roi_air,99.99092,0
45,7,1,roi_bac,75.55884,1
46,7,1,roi_dic,81.81899,1523
47,7,1,roi_air,75.568756,0
48,8,0,roi_bac,137.00948,216
49,8,0,roi_dic,93.232155,1523
50,8,0,roi_air,99.10672,1
51,8,1,roi_bac,75.55417,1
52,8,1,roi_dic,81.80211,1544
53,8,1,roi_air,75.56546,0
54,9,0,roi_bac,135.1921,269
55,9,0,roi_dic,91.363174,1548
56,9,0,roi_air,97.62159,1
57,9,1,roi_bac,75.530594,1
58,9,1,roi_dic,81.71855,1598
59,9,1,roi_air,75.56049,0
60,10,0,roi_bac,133.69962,302
61,10,0,roi_dic,90.07857,1367
62,10,0,roi_air,96.58287,1
63,10,1,roi_bac,75.54887,1
64,10,1,roi_dic,81.74007,1646
65,10,1,roi_air,75.58938,0
66,11,0,roi_bac,131.32535,331
67,11,0,roi_dic,88.997505,1255
68,11,0,roi_air,95.646065,1
69,11,1,roi_bac,75.54669,1
70,11,1,roi_dic,81.6615,1682
71,11,1,roi_air,75.51835,0
72,12,0,roi_bac,129.40057,392
73,12,0,roi_dic,88.019646,1130
74,12,0,roi_air,94.86204,1
75,12,1,roi_bac,75.52138,1
76,12,1,roi_dic,81.63464,1646
77,12,1,roi_air,75.52314,0
78,13,0,roi_bac,127.45364,412
79,13,0,roi_dic,87.11659,1017
80,13,0,roi_air,94.01655,1
81,13,1,roi_bac,75.495705,1
82,13,1,roi_dic,81.60164,1671
83,13,1,roi_air,75.52425,0
84,14,0,roi_bac,125.992165,428
85,14,0,roi_dic,86.29558,977
86,14,0,roi_air,93.23771,1
87,14,1,roi_bac,75.49656,1
88,14,1,roi_dic,81.49561,1668
89,14,1,roi_air,75.49763,0
90,15,0,roi_bac,124.56372,468
91,15,0,roi_dic,85.59872,938
92,15,0,roi_air,92.43699,1
93,15,1,roi_bac,75.486305,1
94,15,1,roi_dic,81.50925,1662
95,15,1,roi_air,75.471405,0
96,16,0,roi_bac,123.53032,517
97,16,0,roi_dic,84.796234,873
98,16,0,roi_air,91.4801,1
99,16,1,roi_bac,75.505295,1
100,16,1,roi_dic,81.50449,1679
101,16,1,roi_air,75.51308,0
102,17,0,roi_bac,122.16709,543
103,17,0,roi_dic,84.14457,868
104,17,0,roi_air,90.50641,2
105,17,1,roi_bac,75.47389,1
106,17,1,roi_dic,81.56748,1714
107,17,1,roi_air,75.48622,0
108,18,0,roi_bac,120.54151,590
109,18,0,roi_dic,83.5519,829
110,18,0,roi_air,89.54586,1
111,18,1,roi_bac,75.507515,1
112,18,1,roi_dic,81.60006,1707
113,18,1,roi_air,75.52213,0
114,19,0,roi_bac,118.996,597
115,19,0,roi_dic,82.985466,813
116,19,0,roi_air,88.62731,1
117,19,1,roi_bac,75.49997,1
118,19,1,roi_dic,81.602234,1744
119,19,1,roi_air,75.550964,0
120,20,0,roi_bac,117.03785,600
121,20,0,roi_dic,82.45335,749
122,20,0,roi_air,87.769775,1
123,20,1,roi_bac,75.5041,1
124,20,1,roi_dic,81.619965,1722
125,20,1,roi_air,75.55434,0
126,21,0,roi_bac,115.04677,648
127,21,0,roi_dic,81.997444,726
128,21,0,roi_air,86.88891,2
129,21,1,roi_bac,75.52381,1
130,21,1,roi_dic,81.62538,1807
131,21,1,roi_air,75.56242,0
132,22,0,roi_bac,113.3352,699
133,22,0,roi_dic,81.64521,693
134,22,0,roi_air,86.19725,1
135,22,1,roi_bac,75.503845,1
136,22,1,roi_dic,81.71307,1795
137,22,1,roi_air,75.54241,0
138,23,0,roi_bac,111.74489,705
139,23,0,roi_dic,81.242165,706
140,23,0,roi_air,85.48262,1
141,23,1,roi_bac,75.50442,1
142,23,1,roi_dic,81.70882,1781
143,23,1,roi_air,75.53621,0
144,24,0,roi_bac,110.22166,736
145,24,0,roi_dic,80.93374,662
146,24,0,roi_air,84.81974,1
147,24,1,roi_bac,75.47661,1
148,24,1,roi_dic,81.72312,1746
149,24,1,roi_air,75.531296,0
150,25,0,roi_bac,108.81973,743
151,25,0,roi_dic,80.65115,636
152,25,0,roi_air,84.169975,1
153,25,1,roi_bac,75.48593,1
154,25,1,roi_dic,81.838326,1808
155,25,1,roi_air,75.52094,0
156,26,0,roi_bac,107.55856,728
157,26,0,roi_dic,80.45032,612
158,26,0,roi_air,83.81353,1
159,26,1,roi_bac,75.483406,1
160,26,1,roi_dic,81.897835,1796
161,26,1,roi_air,75.550735,0
162,27,0,roi_bac,106.38902,743
163,27,0,roi_dic,80.07155,595
164,27,0,roi_air,83.250275,1
165,27,1,roi_bac,75.45345,1
166,27,1,roi_dic,81.94534,1778
167,27,1,roi_air,75.493835,0
168,28,0,roi_bac,105.52709,773
169,28,0,roi_dic,80.01615,531
170,28,0,roi_air,83.19716,1
171,28,1,roi_bac,75.44896,1
172,28,1,roi_dic,81.98213,1727
173,28,1,roi_air,75.47876,0
174,29,0,roi_bac,104.490395,765
175,29,0,roi_dic,79.70601,505
176,29,0,roi_air,82.64394,1
177,29,1,roi_bac,75.46883,1
178,29,1,roi_dic,82.10535,1770
179,29,1,roi_air,75.52251,0
180,30,0,roi_bac,103.95491,764
181,30,0,roi_dic,79.61983,451
182,30,0,roi_air,82.53521,0
183,30,1,roi_bac,75.47043,1
184,30,1,roi_dic,82.18099,1689
185,30,1,roi_air,75.47772,0
186,31,0,roi_bac,103.16283,776
187,31,0,roi_dic,79.46658,441
188,31,0,roi_air,82.22085,0
189,31,1,roi_bac,75.44038,1
190,31,1,roi_dic,82.14881,1611
191,31,1,roi_air,75.46416,0
192,32,0,roi_bac,102.44133,788
193,32,0,roi_dic,79.27782,423
194,32,0,roi_air,81.90228,0
195,32,1,roi_bac,75.46535,1
196,32,1,roi_dic,82.240555,1606
197,32,1,roi_air,75.50383,0
198,33,0,roi_bac,101.652504,804
199,33,0,roi_dic,79.11814,378
200,33,0,roi_air,81.552536,0
201,33,1,roi_bac,75.43197,1
202,33,1,roi_dic,82.337494,1588
203,33,1,roi_air,75.469475,0
204,34,0,roi_bac,100.79372,780
205,34,0,roi_dic,78.902824,341
206,34,0,roi_air,81.18142,0
207,34,1,roi_bac,75.469635,1
208,34,1,roi_dic,82.375015,1517
209,34,1,roi_air,75.48074,0
210,35,0,roi_bac,100.46973,806
211,35,0,roi_dic,78.85877,335
212,35,0,roi_air,81.071915,1
213,35,1,roi_bac,75.456184,1
214,35,1,roi_dic,82.52092,1464
215,35,1,roi_air,75.48959,0
216,36,0,roi_bac,99.85409,819
217,36,0,roi_dic,78.79592,296
218,36,0,roi_air,80.95121,0
219,36,1,roi_bac,75.42553,1
220,36,1,roi_dic,82.52373,1403
221,36,1,roi_air,75.4695,0
222,37,0,roi_bac,99.06997,824
223,37,0,roi_dic,78.614235,277
224,37,0,roi_air,80.58746,0
225,37,1,roi_bac,75.379745,1
226,37,1,roi_dic,82.54656,1234
227,37,1,roi_air,75.40564,0
228,38,0,roi_bac,98.898056,835
229,38,0,roi_dic,78.60567,233
230,38,0,roi_air,80.54039,0
231,38,1,roi_bac,75.41421,1
232,38,1,roi_dic,82.724724,1236
233,38,1,roi_air,75.434746,0
234,39,0,roi_bac,98.442566,828
235,39,0,roi_dic,78.55421,171
236,39,0,roi_air,80.39037,0
237,39,1,roi_bac,75.4238,1
238,39,1,roi_dic,82.717766,1150
239,39,1,roi_air,75.38776,0
240,40,0,roi_bac,97.705,825
241,40,0,roi_dic,78.33345,168
242,40,0,roi_air,79.92743,0
243,40,1,roi_bac,75.36413,1
244,40,1,roi_dic,82.58295,1093
245,40,1,roi_air,75.441696,0
246,41,0,roi_bac,97.419914,822
247,41,0,roi_dic,78.34685,153
248,41,0,roi_air,79.99235,1
249,41,1,roi_bac,75.37433,1
250,41,1,roi_dic,82.53887,993
251,41,1,roi_air,75.3416,0
252,42,0,roi_bac,97.00932,862
253,42,0,roi_dic,78.27384,120
254,42,0,roi_air,79.77306,0
255,42,1,roi_bac,75.378654,1
256,42,1,roi_dic,82.600266,1020
257,42,1,roi_air,75.38987,0
258,43,0,roi_bac,96.69181,846
259,43,0,roi_dic,78.29671,88
260,43,0,roi_air,79.79204,0
261,43,1,roi_bac,75.37624,1
262,43,1,roi_dic,82.59544,973
263,43,1,roi_air,75.402016,0
264,44,0,roi_bac,96.213776,845
265,44,0,roi_dic,78.207756,59
266,44,0,roi_air,79.69897,0
267,44,1,roi_bac,75.36244,1
268,44,1,roi_dic,82.509514,924
269,44,1,roi_air,75.36553,0
270,45,0,roi_bac,95.92368,807
271,45,0,roi_dic,78.2367,57
272,45,0,roi_air,79.66518,0
273,45,1,roi_bac,75.338165,1
274,45,1,roi_dic,82.52312,852
275,45,1,roi_air,75.36689,0
276,46,0,roi_bac,95.639305,827
277,46,0,roi_dic,78.20693,47
278,46,0,roi_air,79.580864,0
279,46,1,roi_bac,75.348816,1
280,46,1,roi_dic,82.49891,804
281,46,1,roi_air,75.35174,0
282,47,0,roi_bac,95.483986,829
283,47,0,roi_dic,78.15547,38
284,47,0,roi_air,79.45228,0
285,47,1,roi_bac,75.37669,1
286,47,1,roi_dic,82.527534,745
287,47,1,roi_air,75.36544,0
288,48,0,roi_bac,95.15045,796
289,48,0,roi_dic,78.08774,36
290,48,0,roi_air,79.257195,0
291,48,1,roi_bac,75.29796,1
292,48,1,roi_dic,82.42985,764
293,48,1,roi_air,75.28974,0
294,49,0,roi_bac,95.10894,793
295,49,0,roi_dic,78.12186,26
296,49,0,roi_air,79.4383,0
297,49,1,roi_bac,75.3379,1
298,49,1,roi_dic,82.43399,701
299,49,1,roi_air,75.36495,0
300,50,0,roi_bac,94.856445,810
301,50,0,roi_dic,78.112434,31
302,50,0,roi_air,79.30631,0
303,50,1,roi_bac,75.32264,1
304,50,1,roi_dic,82.42246,695
305,50,1,roi_air,75.362045,0
306,51,0,roi_bac,94.70537,823
307,51,0,roi_dic,78.0498,23
308,51,0,roi_air,79.24236,0
309,51,1,roi_bac,75.31573,1
310,51,1,roi_dic,82.42908,685
311,51,1,roi_air,75.34805,0
312,52,0,roi_bac,94.68499,817
313,52,0,roi_dic,78.08271,30
314,52,0,roi_air,79.26928,0
315,52,1,roi_bac,75.29095,1
316,52,1,roi_dic,82.4216,650
317,52,1,roi_air,75.31232,0
318,53,0,roi_bac,94.53702,789
319,53,0,roi_dic,78.050514,24
320,53,0,roi_air,79.20388,0
321,53,1,roi_bac,75.31116,1
322,53,1,roi_dic,82.395905,653
323,53,1,roi_air,75.32908,0
324,54,0,roi_bac,94.34942,822
325,54,0,roi_dic,78.024605,29
326,54,0,roi_air,79.19918,0
327,54,1,roi_bac,75.27441,1
328,54,1,roi_dic,82.35588,648
329,54,1,roi_air,75.31606,0
330,55,0,roi_bac,94.279564,788
331,55,0,roi_dic,78.03392,24
332,55,0,roi_air,79.13316,0
333,55,1,roi_bac,75.32426,1
334,55,1,roi_dic,82.4353,641
335,55,1,roi_air,75.290016,0
336,56,0,roi_bac,94.11986,782
337,56,0,roi_dic,78.01935,34
338,56,0,roi_air,79.04322,0
339,56,1,roi_bac,75.30418,1
340,56,1,roi_dic,82.49439,653
341,56,1,roi_air,75.319595,0
342,57,0,roi_bac,93.907455,798
343,57,0,roi_dic,77.97523,27
344,57,0,roi_air,78.976295,0
345,57,1,roi_bac,75.30827,1
346,57,1,roi_dic,82.43982,627
347,57,1,roi_air,75.30339,0
348,58,0,roi_bac,93.77,734
349,58,0,roi_dic,77.987625,32
350,58,0,roi_air,78.96538,0
351,58,1,roi_bac,75.28621,1
352,58,1,roi_dic,82.405815,608
353,58,1,roi_air,75.26803,0
354,59,0,roi_bac,93.805626,774
355,59,0,roi_dic,78.06753,31
356,59,0,roi_air,79.04088,0
357,59,1,roi_bac,75.29863,1
358,59,1,roi_dic,82.43779,620
359,59,1,roi_air,75.31468,0
360,60,0,roi_bac,93.71222,788
361,60,0,roi_dic,78.05414,40
362,60,0,roi_air,78.994354,0
363,60,1,roi_bac,75.28457,1
364,60,1,roi_dic,82.45302,580
365,60,1,roi_air,75.28782,0
366,61,0,roi_bac,93.675804,780
367,61,0,roi_dic,78.04928,39
368,61,0,roi_air,79.03615,0
369,61,1,roi_bac,75.28957,1
370,61,1,roi_dic,82.39541,607
371,61,1,roi_air,75.309654,0
372,62,0,roi_bac,93.60967,767
373,62,0,roi_dic,78.048584,27
374,62,0,roi_air,79.08939,0
375,62,1,roi_bac,75.29449,1
376,62,1,roi_dic,82.379456,558
377,62,1,roi_air,75.26268,0
378,63,0,roi_bac,93.54667,772
379,63,0,roi_dic,78.092255,34
380,63,0,roi_air,79.05686,0
381,63,1,roi_bac,75.27548,1
382,63,1,roi_dic,82.38,550
383,63,1,roi_air,75.31018,0
384,64,0,roi_bac,93.48249,749
385,64,0,roi_dic,78.13867,34
386,64,0,roi_air,79.0824,0
387,64,1,roi_bac,75.30909,1
388,64,1,roi_dic,82.443146,566
389,64,1,roi_air,75.30437,0
390,65,0,roi_bac,93.41875,748
391,65,0,roi_dic,78.07583,38
392,65,0,roi_air,78.98075,0
393,65,1,roi_bac,75.27556,1
394,65,1,roi_dic,82.42219,577
395,65,1,roi_air,75.2819,0
396,66,0,roi_bac,93.25819,779
397,66,0,roi_dic,78.10582,34
398,66,0,roi_air,79.061615,0
399,66,1,roi_bac,75.235146,1
400,66,1,roi_dic,82.3823,566
401,66,1,roi_air,75.19946,0
402,67,0,roi_bac,93.200806,757
403,67,0,roi_dic,78.0783,37
404,67,0,roi_air,78.956894,0
405,67,1,roi_bac,75.23648,1
406,67,1,roi_dic,82.41006,563
407,67,1,roi_air,75.25703,0
408,68,0,roi_bac,93.342094,757
409,68,0,roi_dic,78.14809,37
410,68,0,roi_air,79.01754,0
411,68,1,roi_bac,75.23361,1
412,68,1,roi_dic,82.395355,557
413,68,1,roi_air,75.20279,0
414,69,0,roi_bac,93.1745,737
415,69,0,roi_dic,78.15266,36
416,69,0,roi_air,78.97727,0
417,69,1,roi_bac,75.23826,1
418,69,1,roi_dic,82.38626,554
419,69,1,roi_air,75.28065,0
420,70,0,roi_bac,93.04662,715
421,70,0,roi_dic,78.14142,39
422,70,0,roi_air,78.96448,0
423,70,1,roi_bac,75.20868,1
424,70,1,roi_dic,82.3885,553
425,70,1,roi_air,75.21397,0
426,71,0,roi_bac,93.11263,712
427,71,0,roi_dic,78.158745,39
428,71,0,roi_air,78.99191,0
429,71,1,roi_bac,75.202705,1
430,71,1,roi_dic,82.37038,536
431,71,1,roi_air,75.23093,0
432,72,0,roi_bac,93.179726,737
433,72,0,roi_dic,78.19655,33
434,72,0,roi_air,79.073395,0
435,72,1,roi_bac,75.22359,1
436,72,1,roi_dic,82.440094,578
437,72,1,roi_air,75.224815,0
438,73,0,roi_bac,93.107185,736
439,73,0,roi_dic,78.16056,48
440,73,0,roi_air,78.93919,0
441,73,1,roi_bac,75.17812,1
442,73,1,roi_dic,82.34515,522
443,73,1,roi_air,75.18099,0
444,74,0,roi_bac,92.93588,739
445,74,0,roi_dic,78.15201,42
446,74,0,roi_air,78.901054,0
447,74,1,roi_bac,75.20749,1
448,74,1,roi_dic,82.409485,586
449,74,1,roi_air,75.20823,0
450,75,0,roi_bac,93.28374,731
451,75,0,roi_dic,78.31264,45
452,75,0,roi_air,79.20929,0
453,75,1,roi_bac,75.23527,1
454,75,1,roi_dic,82.33873,517
455,75,1,roi_air,75.242584,0
456,76,0,roi_bac,93.08196,757
457,76,0,roi_dic,78.2149,43
458,76,0,roi_air,78.98962,0
459,76,1,roi_bac,75.152435,1
460,76,1,roi_dic,82.21989,532
461,76,1,roi_air,75.127945,0
462,77,0,roi_bac,93.00177,726
463,77,0,roi_dic,78.224205,47
464,77,0,roi_air,79.03879,0
465,77,1,roi_bac,75.201805,1
466,77,1,roi_dic,82.23337,552
467,77,1,roi_air,75.15992,0
468,78,0,roi_bac,93.1666,704
469,78,0,roi_dic,78.31111,32
470,78,0,roi_air,79.153076,0
471,78,1,roi_bac,75.20073,1
472,78,1,roi_dic,82.219734,541
473,78,1,roi_air,75.170135,0
474,79,0,roi_bac,93.16071,708
475,79,0,roi_dic,78.31637,42
476,79,0,roi_air,79.1594,0
477,79,1,roi_bac,75.19869,1
478,79,1,roi_dic,82.15908,525
479,79,1,roi_air,75.21181,0
480,80,0,roi_bac,93.21044,671
481,80,0,roi_dic,78.3497,38
482,80,0,roi_air,79.262,0
483,80,1,roi_bac,75.16701,1
484,80,1,roi_dic,82.12064,567
485,80,1,roi_air,75.17669,0
486,81,0,roi_bac,93.135635,685
487,81,0,roi_dic,78.30318,30
488,81,0,roi_air,79.072136,0
489,81,1,roi_bac,75.17853,1
490,81,1,roi_dic,82.12286,549
491,81,1,roi_air,75.16049,0
492,82,0,roi_bac,93.14349,688
493,82,0,roi_dic,78.30653,38
494,82,0,roi_air,79.116356,0
495,82,1,roi_bac,75.19047,1
496,82,1,roi_dic,82.09981,541
497,82,1,roi_air,75.195045,0
498,83,0,roi_bac,93.206764,647
499,83,0,roi_dic,78.37259,35
500,83,0,roi_air,79.166916,0
501,83,1,roi_bac,75.14963,1
502,83,1,roi_dic,82.06684,536
503,83,1,roi_air,75.19312,0
504,84,0,roi_bac,93.2584,674
505,84,0,roi_dic,78.350006,41
506,84,0,roi_air,79.169235,0
507,84,1,roi_bac,75.17013,1
508,84,1,roi_dic,82.03185,569
509,84,1,roi_air,75.15313,0
510,85,0,roi_bac,93.49636,670
511,85,0,roi_dic,78.49319,28
512,85,0,roi_air,79.36488,0
513,85,1,roi_bac,75.16819,1
514,85,1,roi_dic,82.00415,562
515,85,1,roi_air,75.15759,0
516,86,0,roi_bac,93.4117,643
517,86,0,roi_dic,78.48296,31
518,86,0,roi_air,79.38453,0
519,86,1,roi_bac,75.15787,1
520,86,1,roi_dic,81.97738,558
521,86,1,roi_air,75.167984,0
522,87,0,roi_bac,93.41336,647
523,87,0,roi_dic,78.46322,39
524,87,0,roi_air,79.30918,0
525,87,1,roi_bac,75.177086,1
526,87,1,roi_dic,82.0129,549
527,87,1,roi_air,75.14325,0
528,88,0,roi_bac,93.452194,640
529,88,0,roi_dic,78.46688,31
530,88,0,roi_air,79.28527,0
531,88,1,roi_bac,75.13379,1
532,88,1,roi_dic,81.869774,571
533,88,1,roi_air,75.09647,0
534,89,0,roi_bac,93.58245,625
535,89,0,roi_dic,78.54305,32
536,89,0,roi_air,79.43648,0
537,89,1,roi_bac,75.1472,1
538,89,1,roi_dic,81.88603,573
539,89,1,roi_air,75.147064,0
540,90,0,roi_bac,93.630684,631
541,90,0,roi_dic,78.59558,45
542,90,0,roi_air,79.54651,0
543,90,1,roi_bac,75.14894,1
544,90,1,roi_dic,81.91784,562
545,90,1,roi_air,75.13807,0
546,91,0,roi_bac,93.71192,599
547,91,0,roi_dic,78.60447,31
548,91,0,roi_air,79.5108,0
549,91,1,roi_bac,75.15421,1
550,91,1,roi_dic,81.852745,571
551,91,1,roi_air,75.14252,0
552,92,0,roi_bac,93.71599,595
553,92,0,roi_dic,78.60848,36
554,92,0,roi_air,79.5293,0
555,92,1,roi_bac,75.1434,1
556,92,1,roi_dic,81.790115,559
557,92,1,roi_air,75.12147,0
558,93,0,roi_bac,93.59936,572
559,93,0,roi_dic,78.56329,32
560,93,0,roi_air,79.37794,0
561,93,1,roi_bac,75.10022,1
562,93,1,roi_dic,81.75983,564
563,93,1,roi_air,75.11141,0
564,94,0,roi_bac,93.77174,567
565,94,0,roi_dic,78.59083,37
566,94,0,roi_air,79.47873,0
567,94,1,roi_bac,75.12077,1
568,94,1,roi_dic,81.75579,583
569,94,1,roi_air,75.12014,0
570,95,0,roi_bac,93.784904,559
571,95,0,roi_dic,78.61503,38
572,95,0,roi_air,79.48328,0
573,95,1,roi_bac,75.11821,1
574,95,1,roi_dic,81.726776,564
575,95,1,roi_air,75.13114,0
576,96,0,roi_bac,93.87582,582
577,96,0,roi_dic,78.68899,39
578,96,0,roi_air,79.58743,0
579,96,1,roi_bac,75.12086,1
580,96,1,roi_dic,81.7189,545
581,96,1,roi_air,75.0873,0
582,97,0,roi_bac,93.83507,538
583,97,0,roi_dic,78.6637,37
584,97,0,roi_air,79.509895,0
585,97,1,roi_bac,75.11633,1
586,97,1,roi_dic,81.69405,549
587,97,1,roi_air,75.119606,0
588,98,0,roi_bac,93.967285,525
589,98,0,roi_dic,78.71035,37
590,98,0,roi_air,79.57076,0
591,98,1,roi_bac,75.08424,1
592,98,1,roi_dic,81.62747,560
593,98,1,roi_air,75.09337,0
594,99,0,roi_bac,93.963356,540
595,99,0,roi_dic,78.69356,36
596,99,0,roi_air,79.50518,0
597,99,1,roi_bac,75.082245,1
598,99,1,roi_dic,81.598785,544
599,99,1,roi_air,75.09332,0
600,100,0,roi_bac,93.97576,536
601,100,0,roi_dic,78.732994,36
602,100,0,roi_air,79.53291,0
603,100,1,roi_bac,75.09313,1
604,100,1,roi_dic,81.60333,581
605,100,1,roi_air,75.118675,0
606,101,0,roi_bac,94.13461,511
607,101,0,roi_dic,78.80431,34
608,101,0,roi_air,79.70993,0
609,101,1,roi_bac,75.09712,1
610,101,1,roi_dic,81.585335,529
611,101,1,roi_air,75.081345,0
612,102,0,roi_bac,94.21926,468
613,102,0,roi_dic,78.825935,38
614,102,0,roi_air,79.67518,0
615,102,1,roi_bac,75.0596,1
616,102,1,roi_dic,81.51228,572
617,102,1,roi_air,75.07428,0
618,103,0,roi_bac,94.15886,487
619,103,0,roi_dic,78.79247,41
620,103,0,roi_air,79.64673,0
621,103,1,roi_bac,75.05131,1
622,103,1,roi_dic,81.48238,579
623,103,1,roi_air,75.01268,0
624,104,0,roi_bac,94.21828,495
625,104,0,roi_dic,78.86184,40
626,104,0,roi_air,79.74365,0
627,104,1,roi_bac,75.0822,1
628,104,1,roi_dic,81.500755,544
629,104,1,roi_air,75.06152,0
630,105,0,roi_bac,94.32531,486
631,105,0,roi_dic,78.86323,41
632,105,0,roi_air,79.72895,0
633,105,1,roi_bac,75.06848,1
634,105,1,roi_dic,81.48546,527
635,105,1,roi_air,75.07522,0
636,106,0,roi_bac,94.40646,495
637,106,0,roi_dic,78.85485,35
638,106,0,roi_air,79.704865,0
639,106,1,roi_bac,75.09887,1
640,106,1,roi_dic,81.520065,567
641,106,1,roi_air,75.10337,0
642,107,0,roi_bac,94.45422,486
643,107,0,roi_dic,78.89003,41
644,107,0,roi_air,79.730095,0
645,107,1,roi_bac,75.05429,1
646,107,1,roi_dic,81.39021,528
647,107,1,roi_air,75.03359,0
648,108,0,roi_bac,94.49317,486
649,108,0,roi_dic,78.93967,46
650,108,0,roi_air,79.858345,0
651,108,1,roi_bac,75.08132,1
652,108,1,roi_dic,81.41635,583
653,108,1,roi_air,75.06582,0
654,109,0,roi_bac,94.70707,454
655,109,0,roi_dic,78.97318,44
656,109,0,roi_air,79.90125,0
657,109,1,roi_bac,75.08233,1
658,109,1,roi_dic,81.423965,543
659,109,1,roi_air,75.064835,0
660,110,0,roi_bac,94.710045,460
661,110,0,roi_dic,78.997185,37
662,110,0,roi_air,79.878876,0
663,110,1,roi_bac,75.06492,1
664,110,1,roi_dic,81.33724,534
665,110,1,roi_air,75.08697,0
666,111,0,roi_bac,94.65107,479
667,111,0,roi_dic,78.9661,40
668,111,0,roi_air,79.82435,0
669,111,1,roi_bac,75.04902,1
670,111,1,roi_dic,81.31898,560
671,111,1,roi_air,75.04694,0
672,112,0,roi_bac,94.7697,450
673,112,0,roi_dic,79.05595,45
674,112,0,roi_air,79.946434,0
675,112,1,roi_bac,75.06815,1
676,112,1,roi_dic,81.35129,546
677,112,1,roi_air,75.07564,0
678,113,0,roi_bac,94.96333,454
679,113,0,roi_dic,79.07883,39
680,113,0,roi_air,80.03012,0
681,113,1,roi_bac,75.06397,1
682,113,1,roi_dic,81.31687,567
683,113,1,roi_air,75.07771,0
684,114,0,roi_bac,95.28311,447
685,114,0,roi_dic,79.22228,49
686,114,0,roi_air,80.33834,0
687,114,1,roi_bac,75.10627,1
688,114,1,roi_dic,81.268105,535
689,114,1,roi_air,75.07785,0
690,115,0,roi_bac,94.983826,426
691,115,0,roi_dic,79.09491,50
692,115,0,roi_air,79.95134,0
693,115,1,roi_bac,75.03824,1
694,115,1,roi_dic,81.191055,557
695,115,1,roi_air,75.04418,0
696,116,0,roi_bac,95.08456,443
697,116,0,roi_dic,79.10955,46
698,116,0,roi_air,80.007484,0
699,116,1,roi_bac,75.06366,1
700,116,1,roi_dic,81.17276,545
701,116,1,roi_air,75.0338,0
702,117,0,roi_bac,95.328156,432
703,117,0,roi_dic,79.17588,45
704,117,0,roi_air,80.14185,0
705,117,1,roi_bac,75.03652,1
706,117,1,roi_dic,81.19448,543
707,117,1,roi_air,75.078514,0
708,118,0,roi_bac,95.334854,410
709,118,0,roi_dic,79.19703,45
710,118,0,roi_air,80.092995,0
711,118,1,roi_bac,75.03587,1
712,118,1,roi_dic,81.147255,575
713,118,1,roi_air,75.00905,0
714,119,0,roi_bac,95.38114,410
715,119,0,roi_dic,79.21676,48
716,119,0,roi_air,80.13423,0
717,119,1,roi_bac,75.0302,1
718,119,1,roi_dic,81.11898,549
719,119,1,roi_air,75.03648,0
720,120,0,roi_bac,95.419174,399
721,120,0,roi_dic,79.23751,44
722,120,0,roi_air,80.15881,0
723,120,1,roi_bac,75.04569,1
724,120,1,roi_dic,81.073875,554
725,120,1,roi_air,75.00463,0
726,121,0,roi_bac,95.592865,418
727,121,0,roi_dic,79.2746,50
728,121,0,roi_air,80.23102,0
729,121,1,roi_bac,75.05439,1
730,121,1,roi_dic,81.131454,579
731,121,1,roi_air,75.05011,0
732,122,0,roi_bac,95.66475,425
733,122,0,roi_dic,79.28832,48
734,122,0,roi_air,80.22504,0
735,122,1,roi_bac,75.048515,1
736,122,1,roi_dic,81.0983,551
737,122,1,roi_air,75.05263,0
738,123,0,roi_bac,95.87291,372
739,123,0,roi_dic,79.329704,37
740,123,0,roi_air,80.35491,0
741,123,1,roi_bac,75.04932,1
742,123,1,roi_dic,81.03636,563
743,123,1,roi_air,75.00955,0
744,124,0,roi_bac,95.74702,378
745,124,0,roi_dic,79.33284,41
746,124,0,roi_air,80.251854,0
747,124,1,roi_bac,75.00347,1
748,124,1,roi_dic,81.01439,549
749,124,1,roi_air,75.03102,0
750,125,0,roi_bac,95.9657,408
751,125,0,roi_dic,79.39357,57
752,125,0,roi_air,80.35465,0
753,125,1,roi_bac,75.03887,1
754,125,1,roi_dic,80.972435,554
755,125,1,roi_air,75.0192,0
756,126,0,roi_bac,96.07106,378
757,126,0,roi_dic,79.37562,55
758,126,0,roi_air,80.391106,0
759,126,1,roi_bac,75.043335,1
760,126,1,roi_dic,80.95736,562
761,126,1,roi_air,75.01118,0
762,127,0,roi_bac,96.055046,378
763,127,0,roi_dic,79.38762,49
764,127,0,roi_air,80.3589,0
765,127,1,roi_bac,75.00204,1
766,127,1,roi_dic,80.85182,578
767,127,1,roi_air,74.98088,0
768,128,0,roi_bac,96.15368,384
769,128,0,roi_dic,79.448616,51
770,128,0,roi_air,80.38865,0
771,128,1,roi_bac,74.99557,1
772,128,1,roi_dic,80.857185,572
773,128,1,roi_air,74.949,0
774,129,0,roi_bac,96.40045,366
775,129,0,roi_dic,79.53558,52
776,129,0,roi_air,80.52167,0
777,129,1,roi_bac,75.01424,1
778,129,1,roi_dic,80.838425,566
779,129,1,roi_air,75.02317,0
780,130,0,roi_bac,96.49111,388
781,130,0,roi_dic,79.50887,53
782,130,0,roi_air,80.555855,0
783,130,1,roi_bac,75.012825,1
784,130,1,roi_dic,80.802345,550
785,130,1,roi_air,74.999405,0
786,131,0,roi_bac,96.440865,367
787,131,0,roi_dic,79.48746,52
788,131,0,roi_air,80.48269,0
789,131,1,roi_bac,75.009155,1
790,131,1,roi_dic,80.800735,589
791,131,1,roi_air,74.996796,0
792,132,0,roi_bac,96.614044,376
793,132,0,roi_dic,79.57306,50
794,132,0,roi_air,80.604515,0
795,132,1,roi_bac,74.989006,1
796,132,1,roi_dic,80.743454,581
797,132,1,roi_air,75.02626,0
798,133,0,roi_bac,96.74212,365
799,133,0,roi_dic,79.622154,49
800,133,0,roi_air,80.63859,0
801,133,1,roi_bac,75.0321,1
802,133,1,roi_dic,80.7953,592
803,133,1,roi_air,75.018555,0
804,134,0,roi_bac,96.86461,368
805,134,0,roi_dic,79.61746,50
806,134,0,roi_air,80.670876,0
807,134,1,roi_bac,75.02313,1
808,134,1,roi_dic,80.755646,587
809,134,1,roi_air,74.96045,0
810,135,0,roi_bac,96.946655,352
811,135,0,roi_dic,79.66182,55
812,135,0,roi_air,80.73325,0
813,135,1,roi_bac,74.99284,1
814,135,1,roi_dic,80.71358,588
815,135,1,roi_air,74.990234,0
816,136,0,roi_bac,96.942375,376
817,136,0,roi_dic,79.682236,57
818,136,0,roi_air,80.687515,0
819,136,1,roi_bac,74.98813,1
820,136,1,roi_dic,80.67644,564
821,136,1,roi_air,75.00993,0
822,137,0,roi_bac,97.048,351
823,137,0,roi_dic,79.690674,60
824,137,0,roi_air,80.70897,0
825,137,1,roi_bac,75.008415,1
826,137,1,roi_dic,80.687515,571
827,137,1,roi_air,75.00633,0
828,138,0,roi_bac,97.2437,366
829,138,0,roi_dic,79.706085,54
830,138,0,roi_air,80.75637,0
831,138,1,roi_bac,75.00056,1
832,138,1,roi_dic,80.67849,577
833,138,1,roi_air,75.00247,0
834,139,0,roi_bac,97.14772,350
835,139,0,roi_dic,79.66854,57
836,139,0,roi_air,80.663765,0
837,139,1,roi_bac,74.982925,1
838,139,1,roi_dic,80.60519,624
839,139,1,roi_air,74.98975,0
840,140,0,roi_bac,97.4485,349
841,140,0,roi_dic,79.815735,54
842,140,0,roi_air,80.91545,0
843,140,1,roi_bac,75.00546,1
844,140,1,roi_dic,80.569824,586
845,140,1,roi_air,75.00437,0
846,141,0,roi_bac,97.41882,338
847,141,0,roi_dic,79.78311,60
848,141,0,roi_air,80.864334,0
849,141,1,roi_bac,74.99681,1
850,141,1,roi_dic,80.58176,623
851,141,1,roi_air,74.96505,0
852,142,0,roi_bac,97.65117,354
853,142,0,roi_dic,79.83471,60
854,142,0,roi_air,80.948,0
855,142,1,roi_bac,74.99607,1
856,142,1,roi_dic,80.551834,582
857,142,1,roi_air,75.03023,0
858,143,0,roi_bac,97.68878,339
859,143,0,roi_dic,79.87806,67
860,143,0,roi_air,80.97579,0
861,143,1,roi_bac,74.93835,1
862,143,1,roi_dic,80.46826,618
863,143,1,roi_air,74.955086,0
864,144,0,roi_bac,97.72845,344
865,144,0,roi_dic,79.89415,55
866,144,0,roi_air,80.93806,0
867,144,1,roi_bac,74.98538,2
868,144,1,roi_dic,80.503944,612
869,144,1,roi_air,75.00317,0
870,145,0,roi_bac,98.10974,321
871,145,0,roi_dic,80.00319,58
872,145,0,roi_air,81.201454,0
873,145,1,roi_bac,74.99388,1
874,145,1,roi_dic,80.45643,580
875,145,1,roi_air,74.981,0
876,146,0,roi_bac,97.99072,329
877,146,0,roi_dic,79.93867,60
878,146,0,roi_air,81.02406,0
879,146,1,roi_bac,74.9744,1
880,146,1,roi_dic,80.41613,619
881,146,1,roi_air,74.9546,0
882,147,0,roi_bac,98.006874,309
883,147,0,roi_dic,79.95983,67
884,147,0,roi_air,81.053246,0
885,147,1,roi_bac,74.97627,1
886,147,1,roi_dic,80.4102,600
887,147,1,roi_air,74.982666,0
888,148,0,roi_bac,98.2648,328
889,148,0,roi_dic,80.06901,58
890,148,0,roi_air,81.28615,0
891,148,1,roi_bac,74.97436,1
892,148,1,roi_dic,80.41536,580
893,148,1,roi_air,74.98567,0
894,149,0,roi_bac,98.41828,329
895,149,0,roi_dic,80.08526,62
896,149,0,roi_air,81.25151,0
897,149,1,roi_bac,74.98314,1
898,149,1,roi_dic,80.38812,536
899,149,1,roi_air,75.006805,0
900,150,0,roi_bac,98.33517,315
901,150,0,roi_dic,80.0109,58
902,150,0,roi_air,81.125244,0
903,150,1,roi_bac,74.9271,1
904,150,1,roi_dic,80.36318,578
905,150,1,roi_air,74.97897,0
906,151,0,roi_bac,98.47841,339
907,151,0,roi_dic,80.10438,63
908,151,0,roi_air,81.21821,0
909,151,1,roi_bac,74.98441,1
910,151,1,roi_dic,80.464066,555
911,151,1,roi_air,74.97991,0
912,152,0,roi_bac,98.72173,348
913,152,0,roi_dic,80.18404,67
914,152,0,roi_air,81.33948,0
915,152,1,roi_bac,74.98016,1
916,152,1,roi_dic,80.43881,579
917,152,1,roi_air,74.95066,0
918,153,0,roi_bac,98.71729,324
919,153,0,roi_dic,80.10971,64
920,153,0,roi_air,81.301285,0
921,153,1,roi_bac,74.956604,1
922,153,1,roi_dic,80.42367,585
923,153,1,roi_air,74.946815,0
924,154,0,roi_bac,98.72408,348
925,154,0,roi_dic,80.16683,67
926,154,0,roi_air,81.35981,0
927,154,1,roi_bac,74.95975,1
928,154,1,roi_dic,80.40091,563
929,154,1,roi_air,74.97265,0
930,155,0,roi_bac,98.96722,370
931,155,0,roi_dic,80.240425,72
932,155,0,roi_air,81.420006,0
933,155,1,roi_bac,74.95395,1
934,155,1,roi_dic,80.4612,560
935,155,1,roi_air,74.976036,0
936,156,0,roi_bac,99.25213,344
937,156,0,roi_dic,80.31091,65
938,156,0,roi_air,81.55988,0
939,156,1,roi_bac,74.92746,1
940,156,1,roi_dic,80.415344,571
941,156,1,roi_air,74.95473,0
942,157,0,roi_bac,99.14187,326
943,157,0,roi_dic,80.29252,71
944,157,0,roi_air,81.53146,0
945,157,1,roi_bac,74.94037,1
946,157,1,roi_dic,80.425354,580
947,157,1,roi_air,74.98289,0
948,158,0,roi_bac,99.39344,316
949,158,0,roi_dic,80.330025,67
950,158,0,roi_air,81.61222,0
951,158,1,roi_bac,74.95024,1
952,158,1,roi_dic,80.44532,549
953,158,1,roi_air,74.93512,0
954,159,0,roi_bac,99.40755,350
955,159,0,roi_dic,80.36574,65
956,159,0,roi_air,81.60259,0
957,159,1,roi_bac,74.92874,1
958,159,1,roi_dic,80.416794,534
959,159,1,roi_air,74.921364,0
960,160,0,roi_bac,99.48888,335
961,160,0,roi_dic,80.40523,69
962,160,0,roi_air,81.644775,0
963,160,1,roi_bac,74.91636,1
964,160,1,roi_dic,80.419815,569
965,160,1,roi_air,74.89026,0
966,161,0,roi_bac,99.722496,324
967,161,0,roi_dic,80.42539,64
968,161,0,roi_air,81.67107,0
969,161,1,roi_bac,74.92875,1
970,161,1,roi_dic,80.446655,576
971,161,1,roi_air,74.94833,0
972,162,0,roi_bac,99.7098,310
973,162,0,roi_dic,80.43262,69
974,162,0,roi_air,81.65881,0
975,162,1,roi_bac,74.911545,1
976,162,1,roi_dic,80.44869,576
977,162,1,roi_air,74.86989,0
978,163,0,roi_bac,99.70501,321
979,163,0,roi_dic,80.42798,65
980,163,0,roi_air,81.66248,0
981,163,1,roi_bac,74.8997,1
982,163,1,roi_dic,80.50721,569
983,163,1,roi_air,74.8846,0
984,164,0,roi_bac,99.84702,325
985,164,0,roi_dic,80.4245,74
986,164,0,roi_air,81.63908,0
987,164,1,roi_bac,74.93847,1
988,164,1,roi_dic,80.57706,575
989,164,1,roi_air,74.90756,0
990,165,0,roi_bac,100.14924,346
991,165,0,roi_dic,80.55954,69
992,165,0,roi_air,81.905975,0
993,165,1,roi_bac,74.91382,1
994,165,1,roi_dic,80.565025,572
995,165,1,roi_air,74.86085,0
996,166,0,roi_bac,100.21487,322
997,166,0,roi_dic,80.57807,64
998,166,0,roi_air,81.91015,0
999,166,1,roi_bac,74.921,1
1000,166,1,roi_dic,80.58796,565
1001,166,1,roi_air,74.934296,0
1002,167,0,roi_bac,100.413124,298
1003,167,0,roi_dic,80.60248,67
1004,167,0,roi_air,81.93547,0
1005,167,1,roi_bac,74.91004,1
1006,167,1,roi_dic,80.56749,559
1007,167,1,roi_air,74.95601,0
1008,168,0,roi_bac,100.33465,311
1009,168,0,roi_dic,80.57989,65
1010,168,0,roi_air,81.94268,0
1011,168,1,roi_bac,74.89421,1
1012,168,1,roi_dic,80.54367,553
1013,168,1,roi_air,74.93471,0
1014,169,0,roi_bac,100.4006,317
1015,169,0,roi_dic,80.57344,75
1016,169,0,roi_air,81.81125,0
1017,169,1,roi_bac,74.90295,1
1018,169,1,roi_dic,80.55381,591
1019,169,1,roi_air,74.91561,0
1020,170,0,roi_bac,100.930725,331
1021,170,0,roi_dic,80.77026,69
1022,170,0,roi_air,82.301346,0
1023,170,1,roi_bac,74.9087,1
1024,170,1,roi_dic,80.541374,600
1025,170,1,roi_air,74.9142,0
1026,171,0,roi_bac,100.74652,317
1027,171,0,roi_dic,80.71515,65
1028,171,0,roi_air,82.11092,0
1029,171,1,roi_bac,74.9202,1
1030,171,1,roi_dic,80.56151,569
1031,171,1,roi_air,74.928085,0
1032,172,0,roi_bac,101.015396,328
1033,172,0,roi_dic,80.73021,73
1034,172,0,roi_air,82.151566,0
1035,172,1,roi_bac,74.91447,1
1036,172,1,roi_dic,80.53391,575
1037,172,1,roi_air,74.92677,0
1038,173,0,roi_bac,100.93907,350
1039,173,0,roi_dic,80.700356,69
1040,173,0,roi_air,82.07215,0
1041,173,1,roi_bac,74.89968,1
1042,173,1,roi_dic,80.544716,578
1043,173,1,roi_air,74.89268,0
1044,174,0,roi_bac,101.015305,303
1045,174,0,roi_dic,80.71931,72
1046,174,0,roi_air,82.08068,0
1047,174,1,roi_bac,74.90155,1
1048,174,1,roi_dic,80.517204,586
1049,174,1,roi_air,74.911575,0
1050,175,0,roi_bac,101.30633,314
1051,175,0,roi_dic,80.775475,64
1052,175,0,roi_air,82.174995,0
1053,175,1,roi_bac,74.89164,1
1054,175,1,roi_dic,80.52905,598
1055,175,1,roi_air,74.90158,0
1056,176,0,roi_bac,101.13541,328
1057,176,0,roi_dic,80.75355,71
1058,176,0,roi_air,82.15588,0
1059,176,1,roi_bac,74.87889,1
1060,176,1,roi_dic,80.475,626
1061,176,1,roi_air,74.87502,0
1062,177,0,roi_bac,101.881294,313
1063,177,0,roi_dic,80.96731,63
1064,177,0,roi_air,82.67117,0
1065,177,1,roi_bac,74.9262,1
1066,177,1,roi_dic,80.52092,604
1067,177,1,roi_air,74.9423,0
1068,178,0,roi_bac,101.56433,334
1069,178,0,roi_dic,80.84764,70
1070,178,0,roi_air,82.30591,0
1071,178,1,roi_bac,74.876144,1
1072,178,1,roi_dic,80.48233,590
1073,178,1,roi_air,74.85872,0
1074,179,0,roi_bac,101.90657,311
1075,179,0,roi_dic,80.993355,64
1076,179,0,roi_air,82.64755,0
1077,179,1,roi_bac,74.908905,1
1078,179,1,roi_dic,80.48403,606
1079,179,1,roi_air,74.89265,0
1080,180,0,roi_bac,101.86448,294
1081,180,0,roi_dic,80.85787,64
1082,180,0,roi_air,82.344284,0
1083,180,1,roi_bac,74.87598,1
1084,180,1,roi_dic,80.39826,603
1085,180,1,roi_air,74.84981,0
1086,181,0,roi_bac,101.92912,329
1087,181,0,roi_dic,80.94848,68
1088,181,0,roi_air,82.48699,0
1089,181,1,roi_bac,74.87661,1
1090,181,1,roi_dic,80.394844,595
1091,181,1,roi_air,74.885124,0
1092,182,0,roi_bac,102.15015,304
1093,182,0,roi_dic,80.96986,63
1094,182,0,roi_air,82.52333,0
1095,182,1,roi_bac,74.87077,1
1096,182,1,roi_dic,80.36537,637
1097,182,1,roi_air,74.89724,0
1098,183,0,roi_bac,102.05319,327
1099,183,0,roi_dic,80.91874,66
1100,183,0,roi_air,82.50603,0
1101,183,1,roi_bac,74.85842,1
1102,183,1,roi_dic,80.34893,641
1103,183,1,roi_air,74.8639,0
1104,184,0,roi_bac,102.45986,306
1105,184,0,roi_dic,81.04158,66
1106,184,0,roi_air,82.663315,0
1107,184,1,roi_bac,74.8878,1
1108,184,1,roi_dic,80.324844,667
1109,184,1,roi_air,74.868744,0
1110,185,0,roi_bac,102.61904,300
1111,185,0,roi_dic,81.086685,60
1112,185,0,roi_air,82.73822,0
1113,185,1,roi_bac,74.847176,1
1114,185,1,roi_dic,80.24857,647
1115,185,1,roi_air,74.84507,0
1116,186,0,roi_bac,102.52151,321
1117,186,0,roi_dic,81.04015,62
1118,186,0,roi_air,82.70191,0
1119,186,1,roi_bac,74.86569,1
1120,186,1,roi_dic,80.18297,697
1121,186,1,roi_air,74.85976,0
1122,187,0,roi_bac,102.88567,309
1123,187,0,roi_dic,81.12286,66
1124,187,0,roi_air,82.86371,0
1125,187,1,roi_bac,74.85953,1
1126,187,1,roi_dic,80.18801,664
1127,187,1,roi_air,74.84003,0
1128,188,0,roi_bac,102.82365,322
1129,188,0,roi_dic,81.13678,66
1130,188,0,roi_air,82.85337,0
1131,188,1,roi_bac,74.83384,1
1132,188,1,roi_dic,80.13645,665
1133,188,1,roi_air,74.89444,0
1134,189,0,roi_bac,102.961624,296
1135,189,0,roi_dic,81.07462,63
1136,189,0,roi_air,82.739075,0
1137,189,1,roi_bac,74.84472,1
1138,189,1,roi_dic,80.14222,668
1139,189,1,roi_air,74.87329,0
1140,190,0,roi_bac,103.260735,304
1141,190,0,roi_dic,81.15228,57
1142,190,0,roi_air,82.94677,0
1143,190,1,roi_bac,74.84649,1
1144,190,1,roi_dic,80.104515,702
1145,190,1,roi_air,74.81504,0
1146,191,0,roi_bac,103.27372,291
1147,191,0,roi_dic,81.17155,60
1148,191,0,roi_air,82.91044,0
1149,191,1,roi_bac,74.84129,1
1150,191,1,roi_dic,80.07324,680
1151,191,1,roi_air,74.86278,0
1152,192,0,roi_bac,103.46523,264
1153,192,0,roi_dic,81.18401,61
1154,192,0,roi_air,82.91813,0
1155,192,1,roi_bac,74.86558,1
1156,192,1,roi_dic,80.060974,657
1157,192,1,roi_air,74.889175,0
1158,193,0,roi_bac,103.63838,308
1159,193,0,roi_dic,81.26159,63
1160,193,0,roi_air,83.10822,0
1161,193,1,roi_bac,74.86272,1
1162,193,1,roi_dic,80.02819,722
1163,193,1,roi_air,74.83776,0
1164,194,0,roi_bac,103.82736,300
1165,194,0,roi_dic,81.289345,56
1166,194,0,roi_air,83.1195,0
1167,194,1,roi_bac,74.83777,1
1168,194,1,roi_dic,80.034325,712
1169,194,1,roi_air,74.817696,0
1170,195,0,roi_bac,103.89994,286
1171,195,0,roi_dic,81.309586,64
1172,195,0,roi_air,83.155525,0
1173,195,1,roi_bac,74.860435,1
1174,195,1,roi_dic,80.00025,724
1175,195,1,roi_air,74.87245,0
1176,196,0,roi_bac,104.179375,288
1177,196,0,roi_dic,81.35047,63
1178,196,0,roi_air,83.32674,0
1179,196,1,roi_bac,74.88136,1
1180,196,1,roi_dic,80.02067,741
1181,196,1,roi_air,74.86508,0
1182,197,0,roi_bac,104.15116,267
1183,197,0,roi_dic,81.33599,61
1184,197,0,roi_air,83.26391,0
1185,197,1,roi_bac,74.83692,1
1186,197,1,roi_dic,79.93394,735
1187,197,1,roi_air,74.85454,0
1188,198,0,roi_bac,104.36397,279
1189,198,0,roi_dic,81.41992,61
1190,198,0,roi_air,83.34404,0
1191,198,1,roi_bac,74.852264,1
1192,198,1,roi_dic,79.917244,726
1193,198,1,roi_air,74.80723,0
1194,199,0,roi_bac,104.58415,275
1195,199,0,roi_dic,81.45841,63
1196,199,0,roi_air,83.4464,0
1197,199,1,roi_bac,74.84208,1
1198,199,1,roi_dic,79.901024,751
1199,199,1,roi_air,74.89117,0
1200,200,0,roi_bac,104.87327,277
1201,200,0,roi_dic,81.53586,65
1202,200,0,roi_air,83.54525,0
1203,200,1,roi_bac,74.882416,1
1204,200,1,roi_dic,79.90504,733
1205,200,1,roi_air,74.88632,0
1206,201,0,roi_bac,105.12159,284
1207,201,0,roi_dic,81.542114,61
1208,201,0,roi_air,83.56265,0
1209,201,1,roi_bac,74.87686,1
1210,201,1,roi_dic,79.91851,737
1211,201,1,roi_air,74.91181,0
1212,202,0,roi_bac,104.79262,285
1213,202,0,roi_dic,81.43384,60
1214,202,0,roi_air,83.32413,0
1215,202,1,roi_bac,74.85841,1
1216,202,1,roi_dic,79.832405,710
1217,202,1,roi_air,74.90229,0
1218,203,0,roi_bac,105.26615,273
1219,203,0,roi_dic,81.53349,68
1220,203,0,roi_air,83.47279,0
1221,203,1,roi_bac,74.85148,1
1222,203,1,roi_dic,79.83881,743
1223,203,1,roi_air,74.85376,0
1224,204,0,roi_bac,105.06391,271
1225,204,0,roi_dic,81.48464,61
1226,204,0,roi_air,83.38618,0
1227,204,1,roi_bac,74.81212,1
1228,204,1,roi_dic,79.776344,713
1229,204,1,roi_air,74.80994,0
1230,205,0,roi_bac,105.38279,276
1231,205,0,roi_dic,81.584564,60
1232,205,0,roi_air,83.55268,0
1233,205,1,roi_bac,74.85451,1
1234,205,1,roi_dic,79.80229,728
1235,205,1,roi_air,74.83599,0
1236,206,0,roi_bac,105.711296,253
1237,206,0,roi_dic,81.61913,69
1238,206,0,roi_air,83.62156,0
1239,206,1,roi_bac,74.85913,1
1240,206,1,roi_dic,79.786674,751
1241,206,1,roi_air,74.86459,0
1242,207,0,roi_bac,105.70426,258
1243,207,0,roi_dic,81.65014,59
1244,207,0,roi_air,83.71108,0
1245,207,1,roi_bac,74.84332,1
1246,207,1,roi_dic,79.73792,763
1247,207,1,roi_air,74.85464,0
1248,208,0,roi_bac,106.13138,249
1249,208,0,roi_dic,81.73972,62
1250,208,0,roi_air,83.87501,0
1251,208,1,roi_bac,74.84279,1
1252,208,1,roi_dic,79.70745,772
1253,208,1,roi_air,74.85087,0
1254,209,0,roi_bac,106.16329,246
1255,209,0,roi_dic,81.76123,66
1256,209,0,roi_air,83.875305,0
1257,209,1,roi_bac,74.85865,1
1258,209,1,roi_dic,79.71551,768
1259,209,1,roi_air,74.81811,0
1260,210,0,roi_bac,106.42106,261
1261,210,0,roi_dic,81.823135,53
1262,210,0,roi_air,83.96518,0
1263,210,1,roi_bac,74.840485,1
1264,210,1,roi_dic,79.70356,790
1265,210,1,roi_air,74.88131,0
1266,211,0,roi_bac,106.40952,271
1267,211,0,roi_dic,81.82208,63
1268,211,0,roi_air,83.93828,0
1269,211,1,roi_bac,74.850494,1
1270,211,1,roi_dic,79.62396,798
1271,211,1,roi_air,74.84835,0
1272,212,0,roi_bac,106.7304,240
1273,212,0,roi_dic,81.9245,66
1274,212,0,roi_air,84.17639,0
1275,212,1,roi_bac,74.85209,1
1276,212,1,roi_dic,79.571945,801
1277,212,1,roi_air,74.84264,0
1278,213,0,roi_bac,107.182755,269
1279,213,0,roi_dic,81.99991,62
1280,213,0,roi_air,84.3031,0
1281,213,1,roi_bac,74.84635,1
1282,213,1,roi_dic,79.54347,795
1283,213,1,roi_air,74.86814,0
1284,214,0,roi_bac,106.96038,269
1285,214,0,roi_dic,81.94814,58
1286,214,0,roi_air,84.08249,0
1287,214,1,roi_bac,74.83044,1
1288,214,1,roi_dic,79.47702,778
1289,214,1,roi_air,74.853485,0
1290,215,0,roi_bac,107.41543,257
1291,215,0,roi_dic,82.02756,64
1292,215,0,roi_air,84.16932,0
1293,215,1,roi_bac,74.855064,1
1294,215,1,roi_dic,79.52023,827
1295,215,1,roi_air,74.862045,0
1296,216,0,roi_bac,107.25508,254
1297,216,0,roi_dic,82.01826,65
1298,216,0,roi_air,84.15702,0
1299,216,1,roi_bac,74.82838,1
1300,216,1,roi_dic,79.48328,784
1301,216,1,roi_air,74.81376,0
1302,217,0,roi_bac,107.55732,247
1303,217,0,roi_dic,82.082405,64
1304,217,0,roi_air,84.23722,0
1305,217,1,roi_bac,74.83268,1
1306,217,1,roi_dic,79.441536,812
1307,217,1,roi_air,74.860664,0
1308,218,0,roi_bac,107.7777,253
1309,218,0,roi_dic,82.13694,63
1310,218,0,roi_air,84.38265,0
1311,218,1,roi_bac,74.82304,1
1312,218,1,roi_dic,79.41715,812
1313,218,1,roi_air,74.834335,0
1314,219,0,roi_bac,108.240364,248
1315,219,0,roi_dic,82.30525,51
1316,219,0,roi_air,84.68226,0
1317,219,1,roi_bac,74.83636,1
1318,219,1,roi_dic,79.41443,776
1319,219,1,roi_air,74.90908,0
1320,220,0,roi_bac,108.13489,262
1321,220,0,roi_dic,82.24844,58
1322,220,0,roi_air,84.50409,0
1323,220,1,roi_bac,74.84408,1
1324,220,1,roi_dic,79.36523,832
1325,220,1,roi_air,74.839584,0
1326,221,0,roi_bac,108.47112,245
1327,221,0,roi_dic,82.30949,55
1328,221,0,roi_air,84.53063,0
1329,221,1,roi_bac,74.83805,1
1330,221,1,roi_dic,79.387,776
1331,221,1,roi_air,74.87072,0
1332,222,0,roi_bac,108.68213,244
1333,222,0,roi_dic,82.39944,67
1334,222,0,roi_air,84.804955,0
1335,222,1,roi_bac,74.832375,1
1336,222,1,roi_dic,79.33122,839
1337,222,1,roi_air,74.83695,0
1338,223,0,roi_bac,108.887,237
1339,223,0,roi_dic,82.46259,63
1340,223,0,roi_air,84.834206,0
1341,223,1,roi_bac,74.84173,1
1342,223,1,roi_dic,79.30315,834
1343,223,1,roi_air,74.85153,0
1344,224,0,roi_bac,109.116135,214
1345,224,0,roi_dic,82.46982,70
1346,224,0,roi_air,84.81374,0
1347,224,1,roi_bac,74.84236,1
1348,224,1,roi_dic,79.25473,796
1349,224,1,roi_air,74.82887,0
1350,225,0,roi_bac,109.47326,252
1351,225,0,roi_dic,82.59242,55
1352,225,0,roi_air,85.05992,0
1353,225,1,roi_bac,74.83301,1
1354,225,1,roi_dic,79.27317,815
1355,225,1,roi_air,74.806854,0
1356,226,0,roi_bac,109.61379,231
1357,226,0,roi_dic,82.592766,66
1358,226,0,roi_air,84.971375,0
1359,226,1,roi_bac,74.82716,1
1360,226,1,roi_dic,79.2634,853
1361,226,1,roi_air,74.84247,0
1362,227,0,roi_bac,109.7422,241
1363,227,0,roi_dic,82.67881,68
1364,227,0,roi_air,85.11109,0
1365,227,1,roi_bac,74.85119,1
1366,227,1,roi_dic,79.222084,830
1367,227,1,roi_air,74.849754,0
1368,228,0,roi_bac,110.15458,239
1369,228,0,roi_dic,82.753395,65
1370,228,0,roi_air,85.287865,0
1371,228,1,roi_bac,74.845024,1
1372,228,1,roi_dic,79.23579,862
1373,228,1,roi_air,74.85453,0
1374,229,0,roi_bac,110.146065,232
1375,229,0,roi_dic,82.81167,62
1376,229,0,roi_air,85.24183,0
1377,229,1,roi_bac,74.843025,1
1378,229,1,roi_dic,79.1983,843
1379,229,1,roi_air,74.84987,0
1380,230,0,roi_bac,110.42509,247
1381,230,0,roi_dic,82.832306,67
1382,230,0,roi_air,85.225525,0
1383,230,1,roi_bac,74.850266,1
1384,230,1,roi_dic,79.19875,818
1385,230,1,roi_air,74.868706,0
1386,231,0,roi_bac,110.66335,223
1387,231,0,roi_dic,82.951004,65
1388,231,0,roi_air,85.441864,0
1389,231,1,roi_bac,74.810455,1
1390,231,1,roi_dic,79.15242,838
1391,231,1,roi_air,74.80068,0
1392,232,0,roi_bac,110.85343,223
1393,232,0,roi_dic,83.00948,54
1394,232,0,roi_air,85.53258,0
1395,232,1,roi_bac,74.83347,1
1396,232,1,roi_dic,79.151245,877
1397,232,1,roi_air,74.850266,0
1398,233,0,roi_bac,111.26622,227
1399,233,0,roi_dic,83.093346,75
1400,233,0,roi_air,85.58437,0
1401,233,1,roi_bac,74.84247,1
1402,233,1,roi_dic,79.126144,916
1403,233,1,roi_air,74.809784,0
1404,234,0,roi_bac,111.51377,241
1405,234,0,roi_dic,83.158806,65
1406,234,0,roi_air,85.700096,0
1407,234,1,roi_bac,74.85185,1
1408,234,1,roi_dic,79.14065,855
1409,234,1,roi_air,74.83501,0
1410,235,0,roi_bac,111.8616,204
1411,235,0,roi_dic,83.203926,54
1412,235,0,roi_air,85.78095,0
1413,235,1,roi_bac,74.86363,1
1414,235,1,roi_dic,79.10614,854
1415,235,1,roi_air,74.88067,0
1416,236,0,roi_bac,111.46096,223
1417,236,0,roi_dic,83.12484,66
1418,236,0,roi_air,85.45409,0
1419,236,1,roi_bac,74.809555,1
1420,236,1,roi_dic,79.03905,853
1421,236,1,roi_air,74.83773,0
1422,237,0,roi_bac,112.06284,228
1423,237,0,roi_dic,83.263885,66
1424,237,0,roi_air,85.898254,0
1425,237,1,roi_bac,74.83034,1
1426,237,1,roi_dic,79.08418,820
1427,237,1,roi_air,74.828835,0
1428,238,0,roi_bac,112.594154,241
1429,238,0,roi_dic,83.411194,79
1430,238,0,roi_air,86.05351,0
1431,238,1,roi_bac,74.84411,1
1432,238,1,roi_dic,79.07235,817
1433,238,1,roi_air,74.877884,0
1434,239,0,roi_bac,112.448364,220
1435,239,0,roi_dic,83.380875,66
1436,239,0,roi_air,85.9288,0
1437,239,1,roi_bac,74.82645,1
1438,239,1,roi_dic,79.066734,859
1439,239,1,roi_air,74.84981,0
1440,240,0,roi_bac,112.854324,222
1441,240,0,roi_dic,83.52147,79
1442,240,0,roi_air,86.093315,0
1443,240,1,roi_bac,74.84963,1
1444,240,1,roi_dic,79.04146,836
1445,240,1,roi_air,74.83759,0
1446,241,0,roi_bac,113.52741,208
1447,241,0,roi_dic,83.65588,67
1448,241,0,roi_air,86.3672,0
1449,241,1,roi_bac,74.864555,1
1450,241,1,roi_dic,79.05244,862
1451,241,1,roi_air,74.833206,0
1452,242,0,roi_bac,113.24111,207
1453,242,0,roi_dic,83.631454,71
1454,242,0,roi_air,86.2069,0
1455,242,1,roi_bac,74.814705,1
1456,242,1,roi_dic,79.05957,839
1457,242,1,roi_air,74.843124,0
1458,243,0,roi_bac,113.347115,207
1459,243,0,roi_dic,83.61724,76
1460,243,0,roi_air,86.089386,0
1461,243,1,roi_bac,74.83677,1
1462,243,1,roi_dic,79.005066,910
1463,243,1,roi_air,74.83215,0
1464,244,0,roi_bac,114.14395,222
1465,244,0,roi_dic,83.83866,74
1466,244,0,roi_air,86.53722,0
1467,244,1,roi_bac,74.81649,1
1468,244,1,roi_dic,78.92794,862
1469,244,1,roi_air,74.84175,0
1470,245,0,roi_bac,113.75573,219
1471,245,0,roi_dic,83.73268,74
1472,245,0,roi_air,86.18263,0
1473,245,1,roi_bac,74.85051,1
1474,245,1,roi_dic,78.932884,833
1475,245,1,roi_air,74.87273,0
1476,246,0,roi_bac,114.49161,212
1477,246,0,roi_dic,83.93887,74
1478,246,0,roi_air,86.617165,0
1479,246,1,roi_bac,74.83289,1
1480,246,1,roi_dic,78.922935,888
1481,246,1,roi_air,74.808624,0
1482,247,0,roi_bac,114.67712,218
1483,247,0,roi_dic,83.97961,73
1484,247,0,roi_air,86.63473,0
1485,247,1,roi_bac,74.812706,1
1486,247,1,roi_dic,78.8839,855
1487,247,1,roi_air,74.80378,0
1488,248,0,roi_bac,114.75726,223
1489,248,0,roi_dic,84.028885,71
1490,248,0,roi_air,86.73416,0
1491,248,1,roi_bac,74.83323,1
1492,248,1,roi_dic,78.91156,857
1493,248,1,roi_air,74.838104,0
1494,249,0,roi_bac,115.0258,200
1495,249,0,roi_dic,84.08083,69
1496,249,0,roi_air,86.6467,0
1497,249,1,roi_bac,74.79606,1
1498,249,1,roi_dic,78.884766,863
1499,249,1,roi_air,74.75601,0
1500,250,0,roi_bac,115.50816,236
1501,250,0,roi_dic,84.2079,76
1502,250,0,roi_air,86.90887,0
1503,250,1,roi_bac,74.827805,1
1504,250,1,roi_dic,78.828316,877
1505,250,1,roi_air,74.80864,0
1506,251,0,roi_bac,115.515396,219
1507,251,0,roi_dic,84.20103,81
1508,251,0,roi_air,86.90061,0
1509,251,1,roi_bac,74.827,1
1510,251,1,roi_dic,78.88628,878
1511,251,1,roi_air,74.884514,0
1512,252,0,roi_bac,116.109055,210
1513,252,0,roi_dic,84.43378,88
1514,252,0,roi_air,87.14237,0
1515,252,1,roi_bac,74.83836,1
1516,252,1,roi_dic,78.83852,896
1517,252,1,roi_air,74.84943,0
1518,253,0,roi_bac,116.37528,219
1519,253,0,roi_dic,84.44976,78
1520,253,0,roi_air,87.17487,0
1521,253,1,roi_bac,74.827965,1
1522,253,1,roi_dic,78.81384,901
1523,253,1,roi_air,74.83358,0
1524,254,0,roi_bac,116.57817,233
1525,254,0,roi_dic,84.525764,83
1526,254,0,roi_air,87.287346,0
1527,254,1,roi_bac,74.84156,1
1528,254,1,roi_dic,78.82799,900
1529,254,1,roi_air,74.83964,0
1530,255,0,roi_bac,116.63595,221
1531,255,0,roi_dic,84.52749,88
1532,255,0,roi_air,87.297226,0
1533,255,1,roi_bac,74.821625,1
1534,255,1,roi_dic,78.84347,844
1535,255,1,roi_air,74.826584,0
1536,256,0,roi_bac,117.33539,217
1537,256,0,roi_dic,84.69462,79
1538,256,0,roi_air,87.41298,0
1539,256,1,roi_bac,74.81929,1
1540,256,1,roi_dic,78.82056,886
1541,256,1,roi_air,74.82869,0
1542,257,0,roi_bac,117.30684,231
1543,257,0,roi_dic,84.65273,90
1544,257,0,roi_air,87.33427,0
1545,257,1,roi_bac,74.827965,1
1546,257,1,roi_dic,78.79971,865
1547,257,1,roi_air,74.89852,0
1548,258,0,roi_bac,117.704056,214
1549,258,0,roi_dic,84.81517,76
1550,258,0,roi_air,87.585014,0
1551,258,1,roi_bac,74.82953,1
1552,258,1,roi_dic,78.78521,855
1553,258,1,roi_air,74.84558,0
1554,259,0,roi_bac,118.12141,225
1555,259,0,roi_dic,84.90987,78
1556,259,0,roi_air,87.75621,0
1557,259,1,roi_bac,74.81752,1
1558,259,1,roi_dic,78.78123,857
1559,259,1,roi_air,74.84868,0
1560,260,0,roi_bac,118.34862,235
1561,260,0,roi_dic,84.94841,82
1562,260,0,roi_air,87.80793,0
1563,260,1,roi_bac,74.84874,1
1564,260,1,roi_dic,78.775345,880
1565,260,1,roi_air,74.788704,0
1566,261,0,roi_bac,118.09751,233
1567,261,0,roi_dic,84.87316,79
1568,261,0,roi_air,87.61636,0
1569,261,1,roi_bac,74.81832,1
1570,261,1,roi_dic,78.756325,879
1571,261,1,roi_air,74.78245,0
1572,262,0,roi_bac,118.68956,213
1573,262,0,roi_dic,85.07136,77
1574,262,0,roi_air,87.89701,0
1575,262,1,roi_bac,74.807785,1
1576,262,1,roi_dic,78.77013,915
1577,262,1,roi_air,74.84174,0
1578,263,0,roi_bac,119.116066,228
1579,263,0,roi_dic,85.10381,80
1580,263,0,roi_air,87.857025,0
1581,263,1,roi_bac,74.85981,1
1582,263,1,roi_dic,78.74571,875
1583,263,1,roi_air,74.90311,0
1584,264,0,roi_bac,119.26174,243
1585,264,0,roi_dic,85.10195,80
1586,264,0,roi_air,87.91754,0
1587,264,1,roi_bac,74.83227,1
1588,264,1,roi_dic,78.70765,856
1589,264,1,roi_air,74.80926,0
1590,265,0,roi_bac,119.32846,243
1591,265,0,roi_dic,85.19727,85
1592,265,0,roi_air,87.95341,0
1593,265,1,roi_bac,74.82127,1
1594,265,1,roi_dic,78.713936,880
1595,265,1,roi_air,74.82888,0
1596,266,0,roi_bac,119.89585,219
1597,266,0,roi_dic,85.29895,76
1598,266,0,roi_air,88.08872,0
1599,266,1,roi_bac,74.85035,1
1600,266,1,roi_dic,78.77467,872
1601,266,1,roi_air,74.86579,0
1602,267,0,roi_bac,120.294586,226
1603,267,0,roi_dic,85.36153,79
1604,267,0,roi_air,88.233315,0
1605,267,1,roi_bac,74.8302,1
1606,267,1,roi_dic,78.69573,852
1607,267,1,roi_air,74.83862,0
1608,268,0,roi_bac,120.54424,212
1609,268,0,roi_dic,85.4563,84
1610,268,0,roi_air,88.333755,0
1611,268,1,roi_bac,74.85232,1
1612,268,1,roi_dic,78.68897,811
1613,268,1,roi_air,74.88671,0
1614,269,0,roi_bac,120.51272,221
1615,269,0,roi_dic,85.498245,80
1616,269,0,roi_air,88.352394,0
1617,269,1,roi_bac,74.82534,1
1618,269,1,roi_dic,78.69311,858
1619,269,1,roi_air,74.84935,0
1620,270,0,roi_bac,121.17508,221
1621,270,0,roi_dic,85.56574,81
1622,270,0,roi_air,88.49141,0
1623,270,1,roi_bac,74.85014,1
1624,270,1,roi_dic,78.67832,822
1625,270,1,roi_air,74.843544,0
1626,271,0,roi_bac,121.65134,207
1627,271,0,roi_dic,85.73342,76
1628,271,0,roi_air,88.696655,0
1629,271,1,roi_bac,74.82971,1
1630,271,1,roi_dic,78.64744,828
1631,271,1,roi_air,74.79534,0
1632,272,0,roi_bac,121.95985,228
1633,272,0,roi_dic,85.88361,73
1634,272,0,roi_air,89.00946,0
1635,272,1,roi_bac,74.81838,1
1636,272,1,roi_dic,78.61287,868
1637,272,1,roi_air,74.84528,0
1638,273,0,roi_bac,122.05165,184
1639,273,0,roi_dic,85.85193,76
1640,273,0,roi_air,88.829865,0
1641,273,1,roi_bac,74.83681,1
1642,273,1,roi_dic,78.58936,857
1643,273,1,roi_air,74.82463,0
1644,274,0,roi_bac,122.90299,210
1645,274,0,roi_dic,86.06673,67
1646,274,0,roi_air,89.310745,0
1647,274,1,roi_bac,74.86422,1
1648,274,1,roi_dic,78.64038,815
1649,274,1,roi_air,74.8372,0
1650,275,0,roi_bac,123.00925,193
1651,275,0,roi_dic,86.05014,78
1652,275,0,roi_air,89.05224,0
1653,275,1,roi_bac,74.84892,1
1654,275,1,roi_dic,78.58536,799
1655,275,1,roi_air,74.82583,0
1656,276,0,roi_bac,123.21247,215
1657,276,0,roi_dic,86.13982,75
1658,276,0,roi_air,89.25914,0
1659,276,1,roi_bac,74.82584,1
1660,276,1,roi_dic,78.48988,828
1661,276,1,roi_air,74.81122,0
1662,277,0,roi_bac,123.23053,214
1663,277,0,roi_dic,86.09651,74
1664,277,0,roi_air,89.12148,0
1665,277,1,roi_bac,74.83521,1
1666,277,1,roi_dic,78.542145,841
1667,277,1,roi_air,74.83482,0
1668,278,0,roi_bac,124.34667,190
1669,278,0,roi_dic,86.41493,72
1670,278,0,roi_air,89.771164,0
1671,278,1,roi_bac,74.84529,1
1672,278,1,roi_dic,78.531815,812
1673,278,1,roi_air,74.83932,0
1674,279,0,roi_bac,124.55386,204
1675,279,0,roi_dic,86.402596,78
1676,279,0,roi_air,89.60265,0
1677,279,1,roi_bac,74.84486,1
1678,279,1,roi_dic,78.5242,811
1679,279,1,roi_air,74.85107,0
1680,280,0,roi_bac,124.87805,207
1681,280,0,roi_dic,86.5296,82
1682,280,0,roi_air,89.930695,0
1683,280,1,roi_bac,74.87161,1
1684,280,1,roi_dic,78.521965,825
1685,280,1,roi_air,74.880394,0
1686,281,0,roi_bac,124.76718,220
1687,281,0,roi_dic,86.51734,84
1688,281,0,roi_air,89.760345,0
1689,281,1,roi_bac,74.833885,1
1690,281,1,roi_dic,78.45724,853
1691,281,1,roi_air,74.8366,0
1692,282,0,roi_bac,125.48468,226
1693,282,0,roi_dic,86.70436,66
1694,282,0,roi_air,90.17351,0
1695,282,1,roi_bac,74.84049,1
1696,282,1,roi_dic,78.46529,838
1697,282,1,roi_air,74.86015,0
1698,283,0,roi_bac,125.678474,211
1699,283,0,roi_dic,86.65797,80
1700,283,0,roi_air,89.9606,0
1701,283,1,roi_bac,74.84416,1
1702,283,1,roi_dic,78.43312,799
1703,283,1,roi_air,74.87061,0
1704,284,0,roi_bac,126.092026,203
1705,284,0,roi_dic,86.71293,74
1706,284,0,roi_air,90.0245,0
1707,284,1,roi_bac,74.83857,1
1708,284,1,roi_dic,78.390564,780
1709,284,1,roi_air,74.821556,0
1710,285,0,roi_bac,126.198074,220
1711,285,0,roi_dic,86.86298,82
1712,285,0,roi_air,90.26803,0
1713,285,1,roi_bac,74.83483,1
1714,285,1,roi_dic,78.39925,804
1715,285,1,roi_air,74.852554,0
1716,286,0,roi_bac,126.5763,218
1717,286,0,roi_dic,86.908165,90
1718,286,0,roi_air,90.2379,0
1719,286,1,roi_bac,74.84314,1
1720,286,1,roi_dic,78.398026,751
1721,286,1,roi_air,74.88856,0
1722,287,0,roi_bac,127.15216,216
1723,287,0,roi_dic,86.96759,91
1724,287,0,roi_air,90.43432,0
1725,287,1,roi_bac,74.864006,1
1726,287,1,roi_dic,78.39902,800
1727,287,1,roi_air,74.837715,0
1728,288,0,roi_bac,127.34351,217
1729,288,0,roi_dic,87.03702,87
1730,288,0,roi_air,90.46338,0
1731,288,1,roi_bac,74.83962,1
1732,288,1,roi_dic,78.33002,786
1733,288,1,roi_air,74.86985,0
1734,289,0,roi_bac,127.52658,211
1735,289,0,roi_dic,87.145164,85
1736,289,0,roi_air,90.561005,0
1737,289,1,roi_bac,74.855675,1
1738,289,1,roi_dic,78.34666,769
1739,289,1,roi_air,74.83539,0
1740,290,0,roi_bac,128.25893,211
1741,290,0,roi_dic,87.2888,85
1742,290,0,roi_air,90.77133,0
1743,290,1,roi_bac,74.86426,1
1744,290,1,roi_dic,78.35362,782
1745,290,1,roi_air,74.88462,0
1746,291,0,roi_bac,128.72601,206
1747,291,0,roi_dic,87.36152,77
1748,291,0,roi_air,90.87325,0
1749,291,1,roi_bac,74.88143,1
1750,291,1,roi_dic,78.333466,775
1751,291,1,roi_air,75.009026,3
1752,292,0,roi_bac,128.78098,211
1753,292,0,roi_dic,87.39845,87
1754,292,0,roi_air,90.89486,0
1755,292,1,roi_bac,74.85578,1
1756,292,1,roi_dic,78.28289,767
1757,292,1,roi_air,75.282776,4
1758,293,0,roi_bac,128.94688,223
1759,293,0,roi_dic,87.49876,86
1760,293,0,roi_air,90.84179,1
1761,293,1,roi_bac,74.84583,1
1762,293,1,roi_dic,78.28239,796
1763,293,1,roi_air,75.46608,4
1764,294,0,roi_bac,129.4836,206
1765,294,0,roi_dic,87.605255,89
1766,294,0,roi_air,90.896255,1
1767,294,1,roi_bac,74.85874,1
1768,294,1,roi_dic,78.27864,807
1769,294,1,roi_air,75.88264,4
1770,295,0,roi_bac,129.92664,199
1771,295,0,roi_dic,87.65234,86
1772,295,0,roi_air,90.912994,1
1773,295,1,roi_bac,74.8489,1
1774,295,1,roi_dic,78.232376,786
1775,295,1,roi_air,76.07456,7
1776,296,0,roi_bac,130.03308,215
1777,296,0,roi_dic,87.75214,78
1778,296,0,roi_air,90.9232,1
1779,296,1,roi_bac,74.83203,1
1780,296,1,roi_dic,78.21363,837
1781,296,1,roi_air,76.00581,6
1782,297,0,roi_bac,130.76027,211
1783,297,0,roi_dic,87.91524,91
1784,297,0,roi_air,91.11077,1
1785,297,1,roi_bac,74.855446,1
1786,297,1,roi_dic,78.25164,804
1787,297,1,roi_air,76.51165,7
1788,298,0,roi_bac,131.35982,204
1789,298,0,roi_dic,88.0206,94
1790,298,0,roi_air,91.28565,1
1791,298,1,roi_bac,74.85185,1
1792,298,1,roi_dic,78.22305,802
1793,298,1,roi_air,76.50978,7
1794,299,0,roi_bac,131.6737,205
1795,299,0,roi_dic,88.12527,88
1796,299,0,roi_air,91.51091,1
1797,299,1,roi_bac,74.85635,1
1798,299,1,roi_dic,78.201584,764
1799,299,1,roi_air,76.49977,8
1800,300,0,roi_bac,131.54736,202
1801,300,0,roi_dic,88.13374,88
1802,300,0,roi_air,91.42248,1
1803,300,1,roi_bac,74.79942,1
1804,300,1,roi_dic,78.14897,750
1805,300,1,roi_air,76.468925,7
1806,301,0,roi_bac,132.40405,221
1807,301,0,roi_dic,88.34027,92
1808,301,0,roi_air,91.78194,2
1809,301,1,roi_bac,74.83719,1
1810,301,1,roi_dic,78.17734,778
1811,301,1,roi_air,76.280174,7
1812,302,0,roi_bac,132.6304,227
1813,302,0,roi_dic,88.354195,85
1814,302,0,roi_air,91.87597,1
1815,302,1,roi_bac,74.84034,1
1816,302,1,roi_dic,78.15362,795
1817,302,1,roi_air,75.90146,6
1818,303,0,roi_bac,132.78993,231
1819,303,0,roi_dic,88.41779,89
1820,303,0,roi_air,91.96979,1
1821,303,1,roi_bac,74.81914,2
1822,303,1,roi_dic,78.104324,837
1823,303,1,roi_air,75.52071,10
1824,304,0,roi_bac,133.31633,223
1825,304,0,roi_dic,88.57901,94
1826,304,0,roi_air,92.10997,5
1827,304,1,roi_bac,74.814514,2
1828,304,1,roi_dic,78.15455,788
1829,304,1,roi_air,75.34966,8
1830,305,0,roi_bac,133.84805,211
1831,305,0,roi_dic,88.66877,80
1832,305,0,roi_air,92.37996,6
1833,305,1,roi_bac,74.836914,2
1834,305,1,roi_dic,78.11115,782
1835,305,1,roi_air,75.16353,7
1836,306,0,roi_bac,133.65254,233
1837,306,0,roi_dic,88.63636,96
1838,306,0,roi_air,92.43661,4
1839,306,1,roi_bac,74.85018,2
1840,306,1,roi_dic,78.10229,804
1841,306,1,roi_air,75.062294,2
1842,307,0,roi_bac,134.5477,205
1843,307,0,roi_dic,88.86516,92
1844,307,0,roi_air,92.812325,2
1845,307,1,roi_bac,74.85997,2
1846,307,1,roi_dic,78.131935,790
1847,307,1,roi_air,74.97238,2
1848,308,0,roi_bac,134.93716,209
1849,308,0,roi_dic,88.92829,95
1850,308,0,roi_air,92.90021,3
1851,308,1,roi_bac,74.824265,2
1852,308,1,roi_dic,78.10702,805
1853,308,1,roi_air,74.98117,2
1854,309,0,roi_bac,134.79913,215
1855,309,0,roi_dic,89.00587,100
1856,309,0,roi_air,92.937325,3
1857,309,1,roi_bac,74.801796,2
1858,309,1,roi_dic,78.0804,821
1859,309,1,roi_air,74.924736,3
1860,310,0,roi_bac,135.36838,225
1861,310,0,roi_dic,89.08576,89
1862,310,0,roi_air,93.0497,3
1863,310,1,roi_bac,74.82882,2
1864,310,1,roi_dic,78.082825,783
1865,310,1,roi_air,74.92339,3
1866,311,0,roi_bac,136.0545,211
1867,311,0,roi_dic,89.1997,87
1868,311,0,roi_air,93.29291,4
1869,311,1,roi_bac,74.83643,2
1870,311,1,roi_dic,78.07387,765
1871,311,1,roi_air,74.89598,2
1872,312,0,roi_bac,135.76907,218
1873,312,0,roi_dic,89.21277,95
1874,312,0,roi_air,93.22369,2
1875,312,1,roi_bac,74.83939,2
1876,312,1,roi_dic,78.04892,780
1877,312,1,roi_air,74.88433,2
1878,313,0,roi_bac,136.30255,223
1879,313,0,roi_dic,89.35174,94
1880,313,0,roi_air,93.39886,1
1881,313,1,roi_bac,74.83281,2
1882,313,1,roi_dic,78.03912,792
1883,313,1,roi_air,74.83677,3
1884,314,0,roi_bac,137.1046,220
1885,314,0,roi_dic,89.46274,98
1886,314,0,roi_air,93.68288,3
1887,314,1,roi_bac,74.8356,2
1888,314,1,roi_dic,78.00614,802
1889,314,1,roi_air,74.86468,3
1890,315,0,roi_bac,137.386,215
1891,315,0,roi_dic,89.593216,90
1892,315,0,roi_air,93.75977,2
1893,315,1,roi_bac,74.841545,2
1894,315,1,roi_dic,78.006775,837
1895,315,1,roi_air,74.86917,3
1896,316,0,roi_bac,137.52736,217
1897,316,0,roi_dic,89.692055,94
1898,316,0,roi_air,93.928246,4
1899,316,1,roi_bac,74.828575,2
1900,316,1,roi_dic,78.01766,846
1901,316,1,roi_air,74.89415,2
1902,317,0,roi_bac,138.15965,197
1903,317,0,roi_dic,89.7848,101
1904,317,0,roi_air,94.02869,1
1905,317,1,roi_bac,74.846,2
1906,317,1,roi_dic,77.99714,811
1907,317,1,roi_air,74.869194,1
1908,318,0,roi_bac,138.3593,212
1909,318,0,roi_dic,89.80261,94
1910,318,0,roi_air,94.05802,0
1911,318,1,roi_bac,74.83895,2
1912,318,1,roi_dic,77.96752,808
1913,318,1,roi_air,74.896324,2
1914,319,0,roi_bac,138.5929,208
1915,319,0,roi_dic,89.94439,98
1916,319,0,roi_air,94.21914,1
1917,319,1,roi_bac,74.82892,2
1918,319,1,roi_dic,77.96092,840
1919,319,1,roi_air,74.849144,3
1920,320,0,roi_bac,139.44998,213
1921,320,0,roi_dic,90.17417,93
1922,320,0,roi_air,94.69334,1
1923,320,1,roi_bac,74.87406,2
1924,320,1,roi_dic,77.999756,849
1925,320,1,roi_air,74.91401,2
1926,321,0,roi_bac,139.60469,209
1927,321,0,roi_dic,90.19409,92
1928,321,0,roi_air,94.50888,1
1929,321,1,roi_bac,74.84164,2
1930,321,1,roi_dic,77.94298,842
1931,321,1,roi_air,74.82921,2
1932,322,0,roi_bac,140.19182,207
1933,322,0,roi_dic,90.44551,92
1934,322,0,roi_air,95.101074,1
1935,322,1,roi_bac,74.83038,2
1936,322,1,roi_dic,77.92469,840
1937,322,1,roi_air,74.89764,2
1938,323,0,roi_bac,140.57774,204
1939,323,0,roi_dic,90.51461,98
1940,323,0,roi_air,95.084274,1
1941,323,1,roi_bac,74.853836,3
1942,323,1,roi_dic,77.952995,842
1943,323,1,roi_air,74.86869,2
1944,324,0,roi_bac,141.01744,225
1945,324,0,roi_dic,90.60742,89
1946,324,0,roi_air,95.31141,0
1947,324,1,roi_bac,74.83231,3
1948,324,1,roi_dic,77.886856,806
1949,324,1,roi_air,74.849724,2
1950,325,0,roi_bac,140.7758,228
1951,325,0,roi_dic,90.523315,98
1952,325,0,roi_air,94.915,0
1953,325,1,roi_bac,74.83852,3
1954,325,1,roi_dic,77.90127,825
1955,325,1,roi_air,74.88075,2
1956,326,0,roi_bac,141.28142,217
1957,326,0,roi_dic,90.693146,92
1958,326,0,roi_air,95.13422,1
1959,326,1,roi_bac,74.850525,6
1960,326,1,roi_dic,77.90327,820
1961,326,1,roi_air,74.86227,1
1962,327,0,roi_bac,142.0342,221
1963,327,0,roi_dic,90.84806,97
1964,327,0,roi_air,95.38325,0
1965,327,1,roi_bac,74.83053,5
1966,327,1,roi_dic,77.853516,855
1967,327,1,roi_air,74.83434,2
1968,328,0,roi_bac,141.6216,212
1969,328,0,roi_dic,90.84374,102
1970,328,0,roi_air,95.2792,0
1971,328,1,roi_bac,74.81875,7
1972,328,1,roi_dic,77.83045,821
1973,328,1,roi_air,74.849915,2
1974,329,0,roi_bac,142.1883,209
1975,329,0,roi_dic,90.968506,96
1976,329,0,roi_air,95.46574,1
1977,329,1,roi_bac,74.8149,7
1978,329,1,roi_dic,77.83041,816
1979,329,1,roi_air,74.8144,2
1980,330,0,roi_bac,142.91348,222
1981,330,0,roi_dic,91.10183,96
1982,330,0,roi_air,95.66865,0
1983,330,1,roi_bac,74.85229,9
1984,330,1,roi_dic,77.861755,813
1985,330,1,roi_air,74.877945,1
1986,331,0,roi_bac,142.99368,224
1987,331,0,roi_dic,91.17647,95
1988,331,0,roi_air,95.7491,0
1989,331,1,roi_bac,74.8161,8
1990,331,1,roi_dic,77.83357,798
1991,331,1,roi_air,74.84594,1
1992,332,0,roi_bac,143.25174,213
1993,332,0,roi_dic,91.27881,102
1994,332,0,roi_air,95.8123,0
1995,332,1,roi_bac,74.82322,8
1996,332,1,roi_dic,77.83849,829
1997,332,1,roi_air,74.8539,1
1998,333,0,roi_bac,144.32423,210
1999,333,0,roi_dic,91.47771,103
2000,333,0,roi_air,96.33544,0
2001,333,1,roi_bac,74.84578,8
2002,333,1,roi_dic,77.81416,829
2003,333,1,roi_air,74.830696,2
2004,334,0,roi_bac,143.94969,231
2005,334,0,roi_dic,91.52838,102
2006,334,0,roi_air,96.276054,0
2007,334,1,roi_bac,74.832726,8
2008,334,1,roi_dic,77.811386,807
2009,334,1,roi_air,74.83524,2
2010,335,0,roi_bac,144.93176,228
2011,335,0,roi_dic,91.76048,90
2012,335,0,roi_air,96.6006,1
2013,335,1,roi_bac,74.85777,10
2014,335,1,roi_dic,77.81994,795
2015,335,1,roi_air,74.8825,2
2016,336,0,roi_bac,144.8391,212
2017,336,0,roi_dic,91.69564,99
2018,336,0,roi_air,96.372,0
2019,336,1,roi_bac,74.8132,10
2020,336,1,roi_dic,77.758736,826
2021,336,1,roi_air,74.84746,2
2022,337,0,roi_bac,145.54326,218
2023,337,0,roi_dic,92.02296,91
2024,337,0,roi_air,97.04118,0
2025,337,1,roi_bac,74.84227,8
2026,337,1,roi_dic,77.80958,821
2027,337,1,roi_air,74.88237,2
2028,338,0,roi_bac,146.12494,218
2029,338,0,roi_dic,92.07727,92
2030,338,0,roi_air,97.087296,1
2031,338,1,roi_bac,74.83177,7
2032,338,1,roi_dic,77.760956,827
2033,338,1,roi_air,74.8328,1
2034,339,0,roi_bac,146.16609,224
2035,339,0,roi_dic,92.20272,97
2036,339,0,roi_air,97.25719,0
2037,339,1,roi_bac,74.8275,11
2038,339,1,roi_dic,77.74662,834
2039,339,1,roi_air,74.84558,2
2040,340,0,roi_bac,146.1503,226
2041,340,0,roi_dic,92.13633,101
2042,340,0,roi_air,96.89889,0
2043,340,1,roi_bac,74.85161,13
2044,340,1,roi_dic,77.791145,815
2045,340,1,roi_air,74.837555,2
2046,341,0,roi_bac,146.51942,234
2047,341,0,roi_dic,92.20477,110
2048,341,0,roi_air,96.99083,0
2049,341,1,roi_bac,74.82822,13
2050,341,1,roi_dic,77.713974,831
2051,341,1,roi_air,74.789566,2
2052,342,0,roi_bac,146.66179,225
2053,342,0,roi_dic,92.32084,104
2054,342,0,roi_air,97.089905,1
2055,342,1,roi_bac,74.8408,12
2056,342,1,roi_dic,77.76473,781
2057,342,1,roi_air,74.87164,2
2058,343,0,roi_bac,147.42326,221
2059,343,0,roi_dic,92.46887,98
2060,343,0,roi_air,97.30011,1
2061,343,1,roi_bac,74.80626,11
2062,343,1,roi_dic,77.71165,801
2063,343,1,roi_air,74.80512,1
2064,344,0,roi_bac,147.26987,210
2065,344,0,roi_dic,92.52807,115
2066,344,0,roi_air,97.35956,0
2067,344,1,roi_bac,74.821556,9
2068,344,1,roi_dic,77.73884,860
2069,344,1,roi_air,74.85539,1
2070,345,0,roi_bac,147.88675,208
2071,345,0,roi_dic,92.70279,102
2072,345,0,roi_air,97.51761,1
2073,345,1,roi_bac,74.85484,12
2074,345,1,roi_dic,77.74577,799
2075,345,1,roi_air,74.8815,2
2076,346,0,roi_bac,148.06686,211
2077,346,0,roi_dic,92.70418,92
2078,346,0,roi_air,97.553406,0
2079,346,1,roi_bac,74.8481,8
2080,346,1,roi_dic,77.70181,834
2081,346,1,roi_air,74.82333,2
2082,347,0,roi_bac,148.44756,223
2083,347,0,roi_dic,92.93387,100
2084,347,0,roi_air,97.7827,1
2085,347,1,roi_bac,74.8335,7
2086,347,1,roi_dic,77.70476,786
2087,347,1,roi_air,74.83945,2
2088,348,0,roi_bac,149.34087,209
2089,348,0,roi_dic,93.09167,95
2090,348,0,roi_air,97.97237,2
2091,348,1,roi_bac,74.844635,11
2092,348,1,roi_dic,77.70805,825
2093,348,1,roi_air,74.84338,2
2094,349,0,roi_bac,149.00835,228
2095,349,0,roi_dic,93.130455,101
2096,349,0,roi_air,97.97333,0
2097,349,1,roi_bac,74.83465,9
2098,349,1,roi_dic,77.695915,806
2099,349,1,roi_air,74.81204,1
2100,350,0,roi_bac,149.81233,217
2101,350,0,roi_dic,93.28226,106
2102,350,0,roi_air,98.20585,0
2103,350,1,roi_bac,74.83585,10
2104,350,1,roi_dic,77.68808,814
2105,350,1,roi_air,74.87002,2
2106,351,0,roi_bac,149.59344,213
2107,351,0,roi_dic,93.3518,110
2108,351,0,roi_air,98.20566,0
2109,351,1,roi_bac,74.782974,8
2110,351,1,roi_dic,77.64714,795
2111,351,1,roi_air,74.78387,2
2112,352,0,roi_bac,150.58206,211
2113,352,0,roi_dic,93.695435,109
2114,352,0,roi_air,98.86629,1
2115,352,1,roi_bac,74.84186,10
2116,352,1,roi_dic,77.665306,816
2117,352,1,roi_air,74.791176,1
2118,353,0,roi_bac,150.62578,224
2119,353,0,roi_dic,93.59803,110
2120,353,0,roi_air,98.476,0
2121,353,1,roi_bac,74.84114,10
2122,353,1,roi_dic,77.64452,811
2123,353,1,roi_air,74.87035,1
2124,354,0,roi_bac,150.89293,202
2125,354,0,roi_dic,93.739586,105
2126,354,0,roi_air,98.59062,1
2127,354,1,roi_bac,74.83162,10
2128,354,1,roi_dic,77.6543,805
2129,354,1,roi_air,74.84825,1
2130,355,0,roi_bac,150.87234,210
2131,355,0,roi_dic,93.8143,110
2132,355,0,roi_air,98.64071,0
2133,355,1,roi_bac,74.83087,12
2134,355,1,roi_dic,77.64119,758
2135,355,1,roi_air,74.87629,1
2136,356,0,roi_bac,151.61307,202
2137,356,0,roi_dic,94.02176,114
2138,356,0,roi_air,98.93015,1
2139,356,1,roi_bac,74.84954,11
2140,356,1,roi_dic,77.66503,823
2141,356,1,roi_air,74.8865,2
2142,357,0,roi_bac,151.58736,219
2143,357,0,roi_dic,93.96599,119
2144,357,0,roi_air,98.88012,1
2145,357,1,roi_bac,74.82678,11
2146,357,1,roi_dic,77.60481,828
2147,357,1,roi_air,74.823074,1
2148,358,0,roi_bac,151.88116,211
2149,358,0,roi_dic,94.16612,109
2150,358,0,roi_air,99.036545,0
2151,358,1,roi_bac,74.85265,11
2152,358,1,roi_dic,77.6614,797
2153,358,1,roi_air,74.84598,1
2154,359,0,roi_bac,152.85649,207
2155,359,0,roi_dic,94.40083,107
2156,359,0,roi_air,99.30498,1
2157,359,1,roi_bac,74.847664,10
2158,359,1,roi_dic,77.6402,818
2159,359,1,roi_air,74.83593,1
2160,360,0,roi_bac,152.50224,216
2161,360,0,roi_dic,94.43538,115
2162,360,0,roi_air,99.2556,0
2163,360,1,roi_bac,74.838264,14
2164,360,1,roi_dic,77.61212,805
2165,360,1,roi_air,74.88965,1
2166,361,0,roi_bac,153.3338,211
2167,361,0,roi_dic,94.59144,117
2168,361,0,roi_air,99.56113,1
2169,361,1,roi_bac,74.86246,11
2170,361,1,roi_dic,77.62558,781
2171,361,1,roi_air,74.85964,1
2172,362,0,roi_bac,153.12064,209
2173,362,0,roi_dic,94.63978,117
2174,362,0,roi_air,99.51623,1
2175,362,1,roi_bac,74.83209,11
2176,362,1,roi_dic,77.59322,787
2177,362,1,roi_air,74.843735,1
2178,363,0,roi_bac,153.83217,201
2179,363,0,roi_dic,94.867714,114
2180,363,0,roi_air,99.79252,1
2181,363,1,roi_bac,74.8546,12
2182,363,1,roi_dic,77.637024,801
2183,363,1,roi_air,74.8562,1
2184,364,0,roi_bac,153.78258,215
2185,364,0,roi_dic,94.894135,114
2186,364,0,roi_air,99.75832,1
2187,364,1,roi_bac,74.831856,16
2188,364,1,roi_dic,77.58373,825
2189,364,1,roi_air,74.82992,2
2190,365,0,roi_bac,154.59485,206
2191,365,0,roi_dic,95.027824,114
2192,365,0,roi_air,100.01732,1
2193,365,1,roi_bac,74.83886,13
2194,365,1,roi_dic,77.57602,834
2195,365,1,roi_air,74.83585,1
2196,366,0,roi_bac,154.23367,208
2197,366,0,roi_dic,95.13902,120
2198,366,0,roi_air,99.95487,0
2199,366,1,roi_bac,74.853645,12
2200,366,1,roi_dic,77.585075,798
2201,366,1,roi_air,74.86285,1
2202,367,0,roi_bac,155.12184,218
2203,367,0,roi_dic,95.35257,115
2204,367,0,roi_air,100.218735,1
2205,367,1,roi_bac,74.855515,14
2206,367,1,roi_dic,77.59325,797
2207,367,1,roi_air,74.855064,1
2208,368,0,roi_bac,154.73386,207
2209,368,0,roi_dic,95.36742,117
2210,368,0,roi_air,100.26931,0
2211,368,1,roi_bac,74.8228,14
2212,368,1,roi_dic,77.53606,806
2213,368,1,roi_air,74.85486,1
2214,369,0,roi_bac,155.69565,207
2215,369,0,roi_dic,95.59687,107
2216,369,0,roi_air,100.43602,0
2217,369,1,roi_bac,74.86809,14
2218,369,1,roi_dic,77.56817,803
2219,369,1,roi_air,74.86899,1
2220,370,0,roi_bac,155.83269,200
2221,370,0,roi_dic,95.67421,118
2222,370,0,roi_air,100.56264,1
2223,370,1,roi_bac,74.85093,13
2224,370,1,roi_dic,77.53266,802
2225,370,1,roi_air,74.82181,1
2226,371,0,roi_bac,156.0092,232
2227,371,0,roi_dic,95.80044,116
2228,371,0,roi_air,100.65239,0
2229,371,1,roi_bac,74.834656,12
2230,371,1,roi_dic,77.534546,831
2231,371,1,roi_air,74.83522,1
2232,372,0,roi_bac,156.42865,218
2233,372,0,roi_dic,95.88961,114
2234,372,0,roi_air,100.79018,1
2235,372,1,roi_bac,74.84622,12
2236,372,1,roi_dic,77.51865,782
2237,372,1,roi_air,74.84767,1
2238,373,0,roi_bac,156.21193,210
2239,373,0,roi_dic,95.991936,119
2240,373,0,roi_air,100.77165,0
2241,373,1,roi_bac,74.8692,13
2242,373,1,roi_dic,77.52487,785
2243,373,1,roi_air,74.85527,1
2244,374,0,roi_bac,157.47615,219
2245,374,0,roi_dic,96.24832,121
2246,374,0,roi_air,101.17006,1
2247,374,1,roi_bac,74.882996,16
2248,374,1,roi_dic,77.55044,792
2249,374,1,roi_air,74.875496,1
2250,375,0,roi_bac,156.78499,218
2251,375,0,roi_dic,96.213264,123
2252,375,0,roi_air,100.9716,1
2253,375,1,roi_bac,74.84833,17
2254,375,1,roi_dic,77.49709,799
2255,375,1,roi_air,74.828415,1
2256,376,0,roi_bac,157.37329,229
2257,376,0,roi_dic,96.412415,118
2258,376,0,roi_air,101.1989,1
2259,376,1,roi_bac,74.85901,14
2260,376,1,roi_dic,77.515564,800
2261,376,1,roi_air,74.830154,1
2262,377,0,roi_bac,157.54912,221
2263,377,0,roi_dic,96.54521,125
2264,377,0,roi_air,101.20745,0
2265,377,1,roi_bac,74.82672,14
2266,377,1,roi_dic,77.46701,804
2267,377,1,roi_air,74.83017,1
2268,378,0,roi_bac,157.84138,205
2269,378,0,roi_dic,96.70199,121
2270,378,0,roi_air,101.3755,1
2271,378,1,roi_bac,74.86495,17
2272,378,1,roi_dic,77.49252,771
2273,378,1,roi_air,74.84341,2
2274,379,0,roi_bac,158.1591,221
2275,379,0,roi_dic,96.81753,121
2276,379,0,roi_air,101.54328,1
2277,379,1,roi_bac,74.86363,15
2278,379,1,roi_dic,77.490875,799
2279,379,1,roi_air,74.852585,1
2280,380,0,roi_bac,158.43765,212
2281,380,0,roi_dic,96.985725,122
2282,380,0,roi_air,101.6001,1
2283,380,1,roi_bac,74.865814,18
2284,380,1,roi_dic,77.51269,791
2285,380,1,roi_air,74.8771,1
2286,381,0,roi_bac,159.10707,213
2287,381,0,roi_dic,97.12045,126
2288,381,0,roi_air,101.81285,1
2289,381,1,roi_bac,74.866356,18
2290,381,1,roi_dic,77.4837,802
2291,381,1,roi_air,74.837715,1
2292,382,0,roi_bac,158.36243,216
2293,382,0,roi_dic,97.10924,125
2294,382,0,roi_air,101.649765,1
2295,382,1,roi_bac,74.85282,17
2296,382,1,roi_dic,77.46485,823
2297,382,1,roi_air,74.82975,1
2298,383,0,roi_bac,159.26936,213
2299,383,0,roi_dic,97.39951,126
2300,383,0,roi_air,101.90479,0
2301,383,1,roi_bac,74.862305,11
2302,383,1,roi_dic,77.4753,773
2303,383,1,roi_air,74.886086,1
2304,384,0,roi_bac,159.62213,219
2305,384,0,roi_dic,97.48747,119
2306,384,0,roi_air,101.9158,1
2307,384,1,roi_bac,74.856514,16
2308,384,1,roi_dic,77.46809,768
2309,384,1,roi_air,74.85689,2
2310,385,0,roi_bac,159.30167,213
2311,385,0,roi_dic,97.55896,127
2312,385,0,roi_air,101.94316,1
2313,385,1,roi_bac,74.80788,16
2314,385,1,roi_dic,77.41897,818
2315,385,1,roi_air,74.791855,1
2316,386,0,roi_bac,160.0265,221
2317,386,0,roi_dic,97.772156,116
2318,386,0,roi_air,102.21552,0
2319,386,1,roi_bac,74.83616,15
2320,386,1,roi_dic,77.448524,793
2321,386,1,roi_air,74.87666,2
2322,387,0,roi_bac,160.59409,224
2323,387,0,roi_dic,97.94639,123
2324,387,0,roi_air,102.396866,1
2325,387,1,roi_bac,74.85963,12
2326,387,1,roi_dic,77.46808,803
2327,387,1,roi_air,74.85246,1
2328,388,0,roi_bac,160.16135,212
2329,388,0,roi_dic,97.994484,131
2330,388,0,roi_air,102.32336,0
2331,388,1,roi_bac,74.86578,18
2332,388,1,roi_dic,77.470146,805
2333,388,1,roi_air,74.89894,1
2334,389,0,roi_bac,160.54143,209
2335,389,0,roi_dic,98.15825,133
2336,389,0,roi_air,102.40715,1
2337,389,1,roi_bac,74.864624,13
2338,389,1,roi_dic,77.48546,778
2339,389,1,roi_air,74.863075,1
2340,390,0,roi_bac,161.3657,200
2341,390,0,roi_dic,98.391495,128
2342,390,0,roi_air,102.7381,1
2343,390,1,roi_bac,74.85526,16
2344,390,1,roi_dic,77.45285,804
2345,390,1,roi_air,74.81902,1
2346,391,0,roi_bac,160.78467,211
2347,391,0,roi_dic,98.41214,142
2348,391,0,roi_air,102.555954,0
2349,391,1,roi_bac,74.89002,18
2350,391,1,roi_dic,77.46558,767
2351,391,1,roi_air,74.863846,1
2352,392,0,roi_bac,161.24266,208
2353,392,0,roi_dic,98.579,147
2354,392,0,roi_air,102.68349,1
2355,392,1,roi_bac,74.86361,18
2356,392,1,roi_dic,77.453896,787
2357,392,1,roi_air,74.842224,1
2358,393,0,roi_bac,161.81026,217
2359,393,0,roi_dic,98.76385,142
2360,393,0,roi_air,102.89139,0
2361,393,1,roi_bac,74.87124,18
2362,393,1,roi_dic,77.44809,770
2363,393,1,roi_air,74.873215,2
2364,394,0,roi_bac,161.46153,227
2365,394,0,roi_dic,98.82412,140
2366,394,0,roi_air,102.85423,0
2367,394,1,roi_bac,74.862755,16
2368,394,1,roi_dic,77.446556,780
2369,394,1,roi_air,74.86291,1
2370,395,0,roi_bac,161.64722,224
2371,395,0,roi_dic,98.93856,133
2372,395,0,roi_air,102.924706,0
2373,395,1,roi_bac,74.86286,17
2374,395,1,roi_dic,77.42577,777
2375,395,1,roi_air,74.84856,1
2376,396,0,roi_bac,161.87895,224
2377,396,0,roi_dic,99.04284,133
2378,396,0,roi_air,102.96704,1
2379,396,1,roi_bac,74.86563,15
2380,396,1,roi_dic,77.42097,792
2381,396,1,roi_air,74.83332,1
2382,397,0,roi_bac,161.93475,210
2383,397,0,roi_dic,99.130394,143
2384,397,0,roi_air,103.0003,0
2385,397,1,roi_bac,74.85006,18
2386,397,1,roi_dic,77.40263,763
2387,397,1,roi_air,74.853836,1
2388,398,0,roi_bac,162.61903,216
2389,398,0,roi_dic,99.45176,137
2390,398,0,roi_air,103.23458,0
2391,398,1,roi_bac,74.87378,16
2392,398,1,roi_dic,77.45567,787
2393,398,1,roi_air,74.892944,1
2394,399,0,roi_bac,162.77383,219
2395,399,0,roi_dic,99.48823,145
2396,399,0,roi_air,103.32723,0
2397,399,1,roi_bac,74.86473,17
2398,399,1,roi_dic,77.3875,796
2399,399,1,roi_air,74.846634,2
2400,400,0,roi_bac,162.73592,216
2401,400,0,roi_dic,99.58766,144
2402,400,0,roi_air,103.349205,1
2403,400,1,roi_bac,74.854614,18
2404,400,1,roi_dic,77.407906,796
2405,400,1,roi_air,74.834885,1
2406,401,0,roi_bac,163.22855,228
2407,401,0,roi_dic,99.83842,132
2408,401,0,roi_air,103.463104,0
2409,401,1,roi_bac,74.84896,17
2410,401,1,roi_dic,77.42384,782
2411,401,1,roi_air,74.86143,2
2412,402,0,roi_bac,163.30772,209
2413,402,0,roi_dic,99.90114,137
2414,402,0,roi_air,103.5182,0
2415,402,1,roi_bac,74.88106,17
2416,402,1,roi_dic,77.41391,808
2417,402,1,roi_air,74.87028,1
2418,403,0,roi_bac,163.35329,218
2419,403,0,roi_dic,100.0147,143
2420,403,0,roi_air,103.55355,0
2421,403,1,roi_bac,74.85411,18
2422,403,1,roi_dic,77.34949,806
2423,403,1,roi_air,74.84814,1
2424,404,0,roi_bac,163.49292,222
2425,404,0,roi_dic,100.20341,131
2426,404,0,roi_air,103.624054,0
2427,404,1,roi_bac,74.87249,18
2428,404,1,roi_dic,77.38474,779
2429,404,1,roi_air,74.90141,2
2430,405,0,roi_bac,164.00452,229
2431,405,0,roi_dic,100.33517,135
2432,405,0,roi_air,103.804825,1
2433,405,1,roi_bac,74.87568,18
2434,405,1,roi_dic,77.404465,819
2435,405,1,roi_air,74.856285,1
2436,406,0,roi_bac,164.05325,230
2437,406,0,roi_dic,100.46986,146
2438,406,0,roi_air,103.82649,0
2439,406,1,roi_bac,74.86211,18
2440,406,1,roi_dic,77.386246,818
2441,406,1,roi_air,74.81094,2
2442,407,0,roi_bac,164.16777,230
2443,407,0,roi_dic,100.62554,144
2444,407,0,roi_air,103.89194,0
2445,407,1,roi_bac,74.881935,17
2446,407,1,roi_dic,77.39253,792
2447,407,1,roi_air,74.901695,1
2448,408,0,roi_bac,164.88068,221
2449,408,0,roi_dic,100.78879,140
2450,408,0,roi_air,104.11713,0
2451,408,1,roi_bac,74.897644,17
2452,408,1,roi_dic,77.366165,783
2453,408,1,roi_air,74.86125,1
2454,409,0,roi_bac,164.66112,231
2455,409,0,roi_dic,100.8566,151
2456,409,0,roi_air,104.025085,1
2457,409,1,roi_bac,74.87239,18
2458,409,1,roi_dic,77.3516,811
2459,409,1,roi_air,74.86824,2
2460,410,0,roi_bac,164.82599,225
2461,410,0,roi_dic,101.0203,152
2462,410,0,roi_air,104.03273,1
2463,410,1,roi_bac,74.891815,17
2464,410,1,roi_dic,77.36849,825
2465,410,1,roi_air,74.858505,1
2466,411,0,roi_bac,164.73682,232
2467,411,0,roi_dic,101.09286,151
2468,411,0,roi_air,104.09795,0
2469,411,1,roi_bac,74.88811,18
2470,411,1,roi_dic,77.38767,795
2471,411,1,roi_air,74.8662,2
2472,412,0,roi_bac,164.99799,227
2473,412,0,roi_dic,101.27054,143
2474,412,0,roi_air,104.2436,1
2475,412,1,roi_bac,74.921265,19
2476,412,1,roi_dic,77.39442,798
2477,412,1,roi_air,74.89578,1
2478,413,0,roi_bac,165.41438,227
2479,413,0,roi_dic,101.404854,147
2480,413,0,roi_air,104.33023,1
2481,413,1,roi_bac,74.88706,18
2482,413,1,roi_dic,77.36653,791
2483,413,1,roi_air,74.87875,2
2484,414,0,roi_bac,164.93222,233
2485,414,0,roi_dic,101.490036,151
2486,414,0,roi_air,104.23594,0
2487,414,1,roi_bac,74.883644,19
2488,414,1,roi_dic,77.33138,805
2489,414,1,roi_air,74.86709,1
2490,415,0,roi_bac,165.69272,233
2491,415,0,roi_dic,101.72678,143
2492,415,0,roi_air,104.484634,0
2493,415,1,roi_bac,74.91763,18
2494,415,1,roi_dic,77.37861,819
2495,415,1,roi_air,74.858055,1
2496,416,0,roi_bac,165.75232,241
2497,416,0,roi_dic,101.771614,153
2498,416,0,roi_air,104.46699,1
2499,416,1,roi_bac,74.914154,20
2500,416,1,roi_dic,77.34233,786
2501,416,1,roi_air,74.927,1
2502,417,0,roi_bac,166.11775,230
2503,417,0,roi_dic,101.963264,158
2504,417,0,roi_air,104.66365,0
2505,417,1,roi_bac,74.88039,21
2506,417,1,roi_dic,77.343346,807
2507,417,1,roi_air,74.888695,1
2508,418,0,roi_bac,165.84811,237
2509,418,0,roi_dic,102.035805,149
2510,418,0,roi_air,104.58694,0
2511,418,1,roi_bac,74.89132,18
2512,418,1,roi_dic,77.312416,808
2513,418,1,roi_air,74.860306,1
2514,419,0,roi_bac,166.00172,238
2515,419,0,roi_dic,102.17339,155
2516,419,0,roi_air,104.58321,1
2517,419,1,roi_bac,74.934,20
2518,419,1,roi_dic,77.35461,823
2519,419,1,roi_air,74.893166,1
2520,420,0,roi_bac,166.62311,236
2521,420,0,roi_dic,102.37534,157
2522,420,0,roi_air,104.77101,0
2523,420,1,roi_bac,74.92302,17
2524,420,1,roi_dic,77.3648,828
2525,420,1,roi_air,74.91358,2
2526,421,0,roi_bac,166.09381,252
2527,421,0,roi_dic,102.44926,163
2528,421,0,roi_air,104.637276,0
2529,421,1,roi_bac,74.89955,19
2530,421,1,roi_dic,77.32788,810
2531,421,1,roi_air,74.9138,1
2532,422,0,roi_bac,166.75583,259
2533,422,0,roi_dic,102.60262,151
2534,422,0,roi_air,104.83234,0
2535,422,1,roi_bac,74.88865,18
2536,422,1,roi_dic,77.30534,808
2537,422,1,roi_air,74.86284,2
2538,423,0,roi_bac,166.40532,244
2539,423,0,roi_dic,102.61702,156
2540,423,0,roi_air,104.72409,1
2541,423,1,roi_bac,74.880684,17
2542,423,1,roi_dic,77.26044,799
2543,423,1,roi_air,74.81953,2
2544,424,0,roi_bac,166.3447,235
2545,424,0,roi_dic,102.7492,159
2546,424,0,roi_air,104.75541,1
2547,424,1,roi_bac,74.88782,19
2548,424,1,roi_dic,77.28439,816
2549,424,1,roi_air,74.86677,1
2550,425,0,roi_bac,166.75192,256
2551,425,0,roi_dic,102.857216,156
2552,425,0,roi_air,104.8055,0
2553,425,1,roi_bac,74.908394,21
2554,425,1,roi_dic,77.298065,793
2555,425,1,roi_air,74.87408,1
2556,426,0,roi_bac,166.63257,244
2557,426,0,roi_dic,103.00138,162
2558,426,0,roi_air,104.82847,1
2559,426,1,roi_bac,74.8924,21
2560,426,1,roi_dic,77.27364,815
2561,426,1,roi_air,74.85077,1
2562,427,0,roi_bac,166.78503,256
2563,427,0,roi_dic,103.178024,157
2564,427,0,roi_air,104.928604,0
2565,427,1,roi_bac,74.91153,23
2566,427,1,roi_dic,77.33439,818
2567,427,1,roi_air,74.911095,2
2568,428,0,roi_bac,167.50592,248
2569,428,0,roi_dic,103.41588,160
2570,428,0,roi_air,105.14959,0
2571,428,1,roi_bac,74.91665,23
2572,428,1,roi_dic,77.29633,808
2573,428,1,roi_air,74.83727,2
2574,429,0,roi_bac,166.73569,240
2575,429,0,roi_dic,103.337845,164
2576,429,0,roi_air,104.91849,1
2577,429,1,roi_bac,74.91045,23
2578,429,1,roi_dic,77.28124,781
2579,429,1,roi_air,74.87133,1
2580,430,0,roi_bac,167.10434,236
2581,430,0,roi_dic,103.46888,160
2582,430,0,roi_air,104.98363,0
2583,430,1,roi_bac,74.899445,23
2584,430,1,roi_dic,77.288414,818
2585,430,1,roi_air,74.93942,1
2586,431,0,roi_bac,167.95383,246
2587,431,0,roi_dic,103.80145,172
2588,431,0,roi_air,105.30173,1
2589,431,1,roi_bac,74.90979,21
2590,431,1,roi_dic,77.28121,825
2591,431,1,roi_air,74.916374,1
2592,432,0,roi_bac,167.17041,248
2593,432,0,roi_dic,103.84092,163
2594,432,0,roi_air,105.11821,1
2595,432,1,roi_bac,74.91516,22
2596,432,1,roi_dic,77.271515,841
2597,432,1,roi_air,74.88356,1
2598,433,0,roi_bac,167.38564,258
2599,433,0,roi_dic,103.92811,164
2600,433,0,roi_air,105.069916,0
2601,433,1,roi_bac,74.90546,21
2602,433,1,roi_dic,77.28051,819
2603,433,1,roi_air,74.929565,2
2604,434,0,roi_bac,167.86966,252
2605,434,0,roi_dic,104.15113,165
2606,434,0,roi_air,105.30463,1
2607,434,1,roi_bac,74.880196,22
2608,434,1,roi_dic,77.205414,840
2609,434,1,roi_air,74.82005,2
2610,435,0,roi_bac,167.54173,257
2611,435,0,roi_dic,104.24246,175
2612,435,0,roi_air,105.220314,1
2613,435,1,roi_bac,74.90123,20
2614,435,1,roi_dic,77.240166,861
2615,435,1,roi_air,74.86743,2
2616,436,0,roi_bac,167.67326,264
2617,436,0,roi_dic,104.337585,166
2618,436,0,roi_air,105.25229,0
2619,436,1,roi_bac,74.923546,19
2620,436,1,roi_dic,77.28262,825
2621,436,1,roi_air,74.90167,2
2622,437,0,roi_bac,168.5659,258
2623,437,0,roi_dic,104.64521,176
2624,437,0,roi_air,105.42873,0
2625,437,1,roi_bac,74.89208,23
2626,437,1,roi_dic,77.25528,822
2627,437,1,roi_air,74.913,1
2628,438,0,roi_bac,168.65471,250
2629,438,0,roi_dic,104.81418,169
2630,438,0,roi_air,105.608986,0
2631,438,1,roi_bac,74.894295,18
2632,438,1,roi_dic,77.23259,822
2633,438,1,roi_air,74.89834,1
2634,439,0,roi_bac,167.75244,260
2635,439,0,roi_dic,104.802025,173
2636,439,0,roi_air,105.31785,0
2637,439,1,roi_bac,74.86448,18
2638,439,1,roi_dic,77.20687,836
2639,439,1,roi_air,74.85335,1
2640,440,0,roi_bac,168.33968,274
2641,440,0,roi_dic,105.073555,178
2642,440,0,roi_air,105.46705,1
2643,440,1,roi_bac,74.90512,18
2644,440,1,roi_dic,77.27059,889
2645,440,1,roi_air,74.89962,1
2646,441,0,roi_bac,168.41853,266
2647,441,0,roi_dic,105.03712,171
2648,441,0,roi_air,105.402336,1
2649,441,1,roi_bac,74.91918,18
2650,441,1,roi_dic,77.25159,850
2651,441,1,roi_air,74.87262,2
2652,442,0,roi_bac,168.22495,269
2653,442,0,roi_dic,105.24277,184
2654,442,0,roi_air,105.37757,0
2655,442,1,roi_bac,74.88464,16
2656,442,1,roi_dic,77.21588,792
2657,442,1,roi_air,74.85598,1
2658,443,0,roi_bac,168.28777,270
2659,443,0,roi_dic,105.449814,177
2660,443,0,roi_air,105.42627,0
2661,443,1,roi_bac,74.921005,18
2662,443,1,roi_dic,77.25415,824
2663,443,1,roi_air,74.89142,1
2664,444,0,roi_bac,168.73999,259
2665,444,0,roi_dic,105.62106,180
2666,444,0,roi_air,105.53796,0
2667,444,1,roi_bac,74.89934,16
2668,444,1,roi_dic,77.23149,791
2669,444,1,roi_air,74.85442,1
2670,445,0,roi_bac,168.8577,273
2671,445,0,roi_dic,105.734344,180
2672,445,0,roi_air,105.52093,1
2673,445,1,roi_bac,74.91855,19
2674,445,1,roi_dic,77.23859,822
2675,445,1,roi_air,74.85805,1
2676,446,0,roi_bac,168.61607,266
2677,446,0,roi_dic,105.913345,178
2678,446,0,roi_air,105.51903,1
2679,446,1,roi_bac,74.88578,17
2680,446,1,roi_dic,77.209656,822
2681,446,1,roi_air,74.90178,1
2682,447,0,roi_bac,168.85826,264
2683,447,0,roi_dic,106.02213,189
2684,447,0,roi_air,105.58691,0
2685,447,1,roi_bac,74.90953,20
2686,447,1,roi_dic,77.25888,820
2687,447,1,roi_air,74.87248,1
2688,448,0,roi_bac,169.23524,272
2689,448,0,roi_dic,106.251,184
2690,448,0,roi_air,105.71283,1
2691,448,1,roi_bac,74.90563,20
2692,448,1,roi_dic,77.21783,827
2693,448,1,roi_air,74.90795,1
2694,449,0,roi_bac,168.57599,264
2695,449,0,roi_dic,106.28522,196
2696,449,0,roi_air,105.502815,1
2697,449,1,roi_bac,74.88032,18
2698,449,1,roi_dic,77.21827,843
2699,449,1,roi_air,74.87247,1
2700,450,0,roi_bac,168.84993,257
2701,450,0,roi_dic,106.5204,187
2702,450,0,roi_air,105.59196,0
2703,450,1,roi_bac,74.92805,18
2704,450,1,roi_dic,77.249466,828
2705,450,1,roi_air,74.84731,1
2706,451,0,roi_bac,169.39528,289
2707,451,0,roi_dic,106.68299,193
2708,451,0,roi_air,105.67926,0
2709,451,1,roi_bac,74.91046,17
2710,451,1,roi_dic,77.235054,859
2711,451,1,roi_air,74.875916,1
2712,452,0,roi_bac,168.95032,278
2713,452,0,roi_dic,106.63154,191
2714,452,0,roi_air,105.51389,0
2715,452,1,roi_bac,74.8973,19
2716,452,1,roi_dic,77.19093,806
2717,452,1,roi_air,74.843796,1
2718,453,0,roi_bac,169.02483,287
2719,453,0,roi_dic,107.02574,186
2720,453,0,roi_air,105.7482,0
2721,453,1,roi_bac,74.917534,20
2722,453,1,roi_dic,77.23177,803
2723,453,1,roi_air,74.86603,1
2724,454,0,roi_bac,169.6541,291
2725,454,0,roi_dic,107.198204,197
2726,454,0,roi_air,105.82715,0
2727,454,1,roi_bac,74.89114,18
2728,454,1,roi_dic,77.22137,792
2729,454,1,roi_air,74.85029,1
2730,455,0,roi_bac,169.59537,279
2731,455,0,roi_dic,107.311005,198
2732,455,0,roi_air,105.74505,0
2733,455,1,roi_bac,74.87669,18
2734,455,1,roi_dic,77.196815,802
2735,455,1,roi_air,74.85261,1
2736,456,0,roi_bac,168.88327,281
2737,456,0,roi_dic,107.35308,193
2738,456,0,roi_air,105.55207,0
2739,456,1,roi_bac,74.88842,19
2740,456,1,roi_dic,77.202736,791
2741,456,1,roi_air,74.879776,1
2742,457,0,roi_bac,169.5803,290
2743,457,0,roi_dic,107.676025,200
2744,457,0,roi_air,105.74403,0
2745,457,1,roi_bac,74.905045,17
2746,457,1,roi_dic,77.22867,812
2747,457,1,roi_air,74.86807,1
2748,458,0,roi_bac,169.55232,287
2749,458,0,roi_dic,107.69425,202
2750,458,0,roi_air,105.719696,0
2751,458,1,roi_bac,74.92176,19
2752,458,1,roi_dic,77.229645,806
2753,458,1,roi_air,74.85191,1
2754,459,0,roi_bac,169.17271,284
2755,459,0,roi_dic,107.83143,191
2756,459,0,roi_air,105.57672,1
2757,459,1,roi_bac,74.902855,21
2758,459,1,roi_dic,77.20496,804
2759,459,1,roi_air,74.88895,1
2760,460,0,roi_bac,169.28381,301
2761,460,0,roi_dic,108.049934,194
2762,460,0,roi_air,105.66689,0
2763,460,1,roi_bac,74.89246,20
2764,460,1,roi_dic,77.214134,827
2765,460,1,roi_air,74.82343,1
2766,461,0,roi_bac,169.92361,294
2767,461,0,roi_dic,108.29416,199
2768,461,0,roi_air,105.816086,0
2769,461,1,roi_bac,74.90291,19
2770,461,1,roi_dic,77.195496,822
2771,461,1,roi_air,74.86804,1
2772,462,0,roi_bac,169.54256,302
2773,462,0,roi_dic,108.37451,205
2774,462,0,roi_air,105.716385,0
2775,462,1,roi_bac,74.8929,21
2776,462,1,roi_dic,77.16928,822
2777,462,1,roi_air,74.85092,1
2778,463,0,roi_bac,169.02824,298
2779,463,0,roi_dic,108.47262,206
2780,463,0,roi_air,105.5196,0
2781,463,1,roi_bac,74.89783,23
2782,463,1,roi_dic,77.22367,803
2783,463,1,roi_air,74.86151,1
2784,464,0,roi_bac,169.44179,303
2785,464,0,roi_dic,108.618996,202
2786,464,0,roi_air,105.63332,0
2787,464,1,roi_bac,74.9061,20
2788,464,1,roi_dic,77.22088,815
2789,464,1,roi_air,74.87139,1
2790,465,0,roi_bac,169.88385,295
2791,465,0,roi_dic,108.976135,200
2792,465,0,roi_air,105.78439,0
2793,465,1,roi_bac,74.89375,18
2794,465,1,roi_dic,77.19214,802
2795,465,1,roi_air,74.861275,1
2796,466,0,roi_bac,169.56407,306
2797,466,0,roi_dic,109.0727,206
2798,466,0,roi_air,105.66662,0
2799,466,1,roi_bac,74.87552,20
2800,466,1,roi_dic,77.19267,830
2801,466,1,roi_air,74.844055,1
2802,467,0,roi_bac,169.88527,308
2803,467,0,roi_dic,109.314285,207
2804,467,0,roi_air,105.82003,0
2805,467,1,roi_bac,74.86602,22
2806,467,1,roi_dic,77.18697,808
2807,467,1,roi_air,74.836624,1
2808,468,0,roi_bac,169.85652,316
2809,468,0,roi_dic,109.45952,206
2810,468,0,roi_air,105.689,0
2811,468,1,roi_bac,74.87095,19
2812,468,1,roi_dic,77.149796,790
2813,468,1,roi_air,74.852234,1
2814,469,0,roi_bac,169.32802,311
2815,469,0,roi_dic,109.532936,214
2816,469,0,roi_air,105.5503,0
2817,469,1,roi_bac,74.88211,19
2818,469,1,roi_dic,77.182945,818
2819,469,1,roi_air,74.845665,1
2820,470,0,roi_bac,169.82973,326
2821,470,0,roi_dic,109.81869,208
2822,470,0,roi_air,105.681526,0
2823,470,1,roi_bac,74.910515,21
2824,470,1,roi_dic,77.18728,848
2825,470,1,roi_air,74.87917,1
2826,471,0,roi_bac,169.86124,312
2827,471,0,roi_dic,109.84809,211
2828,471,0,roi_air,105.68997,0
2829,471,1,roi_bac,74.90245,25
2830,471,1,roi_dic,77.188965,808
2831,471,1,roi_air,74.85221,1
2832,472,0,roi_bac,169.64227,305
2833,472,0,roi_dic,110.04773,205
2834,472,0,roi_air,105.61729,0
2835,472,1,roi_bac,74.90847,23
2836,472,1,roi_dic,77.20518,820
2837,472,1,roi_air,74.84101,1
2838,473,0,roi_bac,169.72603,310
2839,473,0,roi_dic,110.209274,216
2840,473,0,roi_air,105.60645,0
2841,473,1,roi_bac,74.90808,23
2842,473,1,roi_dic,77.20682,831
2843,473,1,roi_air,74.877426,1
2844,474,0,roi_bac,170.28839,322
2845,474,0,roi_dic,110.51803,202
2846,474,0,roi_air,105.753334,0
2847,474,1,roi_bac,74.90791,23
2848,474,1,roi_dic,77.18979,813
2849,474,1,roi_air,74.86311,1
2850,475,0,roi_bac,169.4234,336
2851,475,0,roi_dic,110.49018,222
2852,475,0,roi_air,105.482956,0
2853,475,1,roi_bac,74.870544,24
2854,475,1,roi_dic,77.17159,793
2855,475,1,roi_air,74.830666,1
2856,476,0,roi_bac,169.5709,328
2857,476,0,roi_dic,110.6109,212
2858,476,0,roi_air,105.521935,0
2859,476,1,roi_bac,74.914986,24
2860,476,1,roi_dic,77.20073,832
2861,476,1,roi_air,74.90416,1
2862,477,0,roi_bac,169.99739,328
2863,477,0,roi_dic,110.924934,213
2864,477,0,roi_air,105.642876,0
2865,477,1,roi_bac,74.91414,20
2866,477,1,roi_dic,77.18802,845
2867,477,1,roi_air,74.81382,1
2868,478,0,roi_bac,169.8142,337
2869,478,0,roi_dic,111.10402,219
2870,478,0,roi_air,105.586235,0
2871,478,1,roi_bac,74.88963,23
2872,478,1,roi_dic,77.18325,822
2873,478,1,roi_air,74.83941,1
2874,479,0,roi_bac,169.79501,345
2875,479,0,roi_dic,111.327065,220
2876,479,0,roi_air,105.58595,0
2877,479,1,roi_bac,74.90403,23
2878,479,1,roi_dic,77.19381,819
2879,479,1,roi_air,74.874115,1
2880,480,0,roi_bac,169.61069,329
2881,480,0,roi_dic,111.36191,222
2882,480,0,roi_air,105.48009,0
2883,480,1,roi_bac,74.87045,21
2884,480,1,roi_dic,77.15563,809
2885,480,1,roi_air,74.876976,1
2886,481,0,roi_bac,169.47682,342
2887,481,0,roi_dic,111.50401,220
2888,481,0,roi_air,105.38785,0
2889,481,1,roi_bac,74.89925,20
2890,481,1,roi_dic,77.16188,810
2891,481,1,roi_air,74.82413,1
2892,482,0,roi_bac,169.53505,337
2893,482,0,roi_dic,111.65056,221
2894,482,0,roi_air,105.397514,0
2895,482,1,roi_bac,74.889145,24
2896,482,1,roi_dic,77.16759,798
2897,482,1,roi_air,74.83498,1
2898,483,0,roi_bac,170.10487,342
2899,483,0,roi_dic,112.011,219
2900,483,0,roi_air,105.5837,0
2901,483,1,roi_bac,74.91304,20
2902,483,1,roi_dic,77.16672,832
2903,483,1,roi_air,74.856606,1
2904,484,0,roi_bac,169.45193,336
2905,484,0,roi_dic,112.06839,228
2906,484,0,roi_air,105.348816,0
2907,484,1,roi_bac,74.87407,22
2908,484,1,roi_dic,77.12617,825
2909,484,1,roi_air,74.7893,1
2910,485,0,roi_bac,169.63387,348
2911,485,0,roi_dic,112.32893,225
2912,485,0,roi_air,105.38362,0
2913,485,1,roi_bac,74.907135,21
2914,485,1,roi_dic,77.17906,823
2915,485,1,roi_air,74.907486,1
2916,486,0,roi_bac,170.28322,367
2917,486,0,roi_dic,112.60445,213
2918,486,0,roi_air,105.55016,0
2919,486,1,roi_bac,74.880844,24
2920,486,1,roi_dic,77.17635,810
2921,486,1,roi_air,74.803215,1
2922,487,0,roi_bac,169.40097,370
2923,487,0,roi_dic,112.61288,222
2924,487,0,roi_air,105.353,0
2925,487,1,roi_bac,74.85911,25
2926,487,1,roi_dic,77.14522,793
2927,487,1,roi_air,74.84962,1
2928,488,0,roi_bac,169.57263,357
2929,488,0,roi_dic,112.84413,233
2930,488,0,roi_air,105.27082,0
2931,488,1,roi_bac,74.89815,23
2932,488,1,roi_dic,77.1678,770
2933,488,1,roi_air,74.80675,1
2934,489,0,roi_bac,169.90598,363
2935,489,0,roi_dic,112.917274,232
2936,489,0,roi_air,105.36526,0
2937,489,1,roi_bac,74.92606,22
2938,489,1,roi_dic,77.15513,810
2939,489,1,roi_air,74.89064,1
2940,490,0,roi_bac,169.38925,364
2941,490,0,roi_dic,113.111115,234
2942,490,0,roi_air,105.211494,0
2943,490,1,roi_bac,74.89889,22
2944,490,1,roi_dic,77.1114,786
2945,490,1,roi_air,74.85887,1
2946,491,0,roi_bac,169.605,365
2947,491,0,roi_dic,113.37716,239
2948,491,0,roi_air,105.27538,0
2949,491,1,roi_bac,74.90027,21
2950,491,1,roi_dic,77.17179,837
2951,491,1,roi_air,74.86469,1
2952,492,0,roi_bac,170.05527,343
2953,492,0,roi_dic,113.62901,243
2954,492,0,roi_air,105.412094,0
2955,492,1,roi_bac,74.89938,23
2956,492,1,roi_dic,77.15097,821
2957,492,1,roi_air,74.86865,1
2958,493,0,roi_bac,169.31839,366
2959,493,0,roi_dic,113.70614,234
2960,493,0,roi_air,105.22399,0
2961,493,1,roi_bac,74.85971,22
2962,493,1,roi_dic,77.11695,823
2963,493,1,roi_air,74.8164,1
2964,494,0,roi_bac,170.44441,383
2965,494,0,roi_dic,114.22689,229
2966,494,0,roi_air,105.950516,0
2967,494,1,roi_bac,74.89786,23
2968,494,1,roi_dic,77.13277,770
2969,494,1,roi_air,74.88278,1
2970,495,0,roi_bac,169.70717,364
2971,495,0,roi_dic,113.92459,248
2972,495,0,roi_air,105.204056,0
2973,495,1,roi_bac,74.88337,22
2974,495,1,roi_dic,77.11172,799
2975,495,1,roi_air,74.861176,1
2976,496,0,roi_bac,169.64699,369
2977,496,0,roi_dic,114.295235,248
2978,496,0,roi_air,105.12578,0
2979,496,1,roi_bac,74.885826,22
2980,496,1,roi_dic,77.139496,822
2981,496,1,roi_air,74.85313,1
2982,497,0,roi_bac,170.1515,371
2983,497,0,roi_dic,114.54949,241
2984,497,0,roi_air,105.420975,0
2985,497,1,roi_bac,74.90318,23
2986,497,1,roi_dic,77.130585,808
2987,497,1,roi_air,74.81837,1
2988,498,0,roi_bac,169.9557,365
2989,498,0,roi_dic,114.72791,237
2990,498,0,roi_air,105.46933,0
2991,498,1,roi_bac,74.87391,23
2992,498,1,roi_dic,77.115,826
2993,498,1,roi_air,74.839455,1
2994,499,0,roi_bac,169.33481,374
2995,499,0,roi_dic,114.75368,236
2996,499,0,roi_air,105.02164,0
2997,499,1,roi_bac,74.89532,23
2998,499,1,roi_dic,77.12083,786
2999,499,1,roi_air,74.83822,1
3000,500,0,roi_bac,169.80705,383
3001,500,0,roi_dic,114.9793,248
3002,500,0,roi_air,105.09922,0
3003,500,1,roi_bac,74.938545,24
3004,500,1,roi_dic,77.15308,809
3005,500,1,roi_air,74.85865,1
3006,501,0,roi_bac,169.4146,382
3007,501,0,roi_dic,115.03916,241
3008,501,0,roi_air,104.9775,0
3009,501,1,roi_bac,74.89694,25
3010,501,1,roi_dic,77.11564,785
3011,501,1,roi_air,74.859856,1
3012,502,0,roi_bac,169.63423,383
3013,502,0,roi_dic,115.430695,247
3014,502,0,roi_air,105.14988,0
3015,502,1,roi_bac,74.92052,24
3016,502,1,roi_dic,77.144966,809
3017,502,1,roi_air,74.88914,1
3018,503,0,roi_bac,169.51945,374
3019,503,0,roi_dic,115.56468,244
3020,503,0,roi_air,104.97313,0
3021,503,1,roi_bac,74.918884,25
3022,503,1,roi_dic,77.12125,801
3023,503,1,roi_air,74.87493,1
3024,504,0,roi_bac,169.24162,402
3025,504,0,roi_dic,115.71027,244
3026,504,0,roi_air,104.90086,0
3027,504,1,roi_bac,74.88933,24
3028,504,1,roi_dic,77.12437,826
3029,504,1,roi_air,74.87636,1
3030,505,0,roi_bac,169.7159,391
3031,505,0,roi_dic,115.938576,255
3032,505,0,roi_air,105.05109,0
3033,505,1,roi_bac,74.94417,25
3034,505,1,roi_dic,77.144356,818
3035,505,1,roi_air,74.849495,1
3036,506,0,roi_bac,169.10426,394
3037,506,0,roi_dic,116.003174,258
3038,506,0,roi_air,104.88447,0
3039,506,1,roi_bac,74.888596,24
3040,506,1,roi_dic,77.099754,826
3041,506,1,roi_air,74.7876,1
3042,507,0,roi_bac,169.56085,398
3043,507,0,roi_dic,116.36179,250
3044,507,0,roi_air,105.056114,0
3045,507,1,roi_bac,74.92605,25
3046,507,1,roi_dic,77.13679,802
3047,507,1,roi_air,74.88688,1
3048,508,0,roi_bac,169.6249,389
3049,508,0,roi_dic,116.42476,256
3050,508,0,roi_air,104.859505,0
3051,508,1,roi_bac,74.90636,25
3052,508,1,roi_dic,77.11802,794
3053,508,1,roi_air,74.85721,1
3054,509,0,roi_bac,169.11598,414
3055,509,0,roi_dic,116.628586,260
3056,509,0,roi_air,104.795044,0
3057,509,1,roi_bac,74.91368,24
3058,509,1,roi_dic,77.12587,820
3059,509,1,roi_air,74.85994,1
3060,510,0,roi_bac,169.29498,417
3061,510,0,roi_dic,116.849976,255
3062,510,0,roi_air,104.80688,0
3063,510,1,roi_bac,74.90425,24
3064,510,1,roi_dic,77.13552,820
3065,510,1,roi_air,74.82291,1
3066,511,0,roi_bac,168.92424,418
3067,511,0,roi_dic,116.85251,256
3068,511,0,roi_air,104.558136,0
3069,511,1,roi_bac,74.89331,24
3070,511,1,roi_dic,77.07111,811
3071,511,1,roi_air,74.79903,1
3072,512,0,roi_bac,169.56088,412
3073,512,0,roi_dic,117.4067,257
3074,512,0,roi_air,105.18428,0
3075,512,1,roi_bac,74.92852,24
3076,512,1,roi_dic,77.12807,823
3077,512,1,roi_air,74.884705,1
3078,513,0,roi_bac,169.86992,399
3079,513,0,roi_dic,117.48478,264
3080,513,0,roi_air,105.16268,0
3081,513,1,roi_bac,74.92172,24
3082,513,1,roi_dic,77.12792,813
3083,513,1,roi_air,74.84515,1
3084,514,0,roi_bac,169.66412,420
3085,514,0,roi_dic,117.65095,262
3086,514,0,roi_air,104.82975,0
3087,514,1,roi_bac,74.92473,24
3088,514,1,roi_dic,77.109856,776
3089,514,1,roi_air,74.85005,1
3090,515,0,roi_bac,168.87653,426
3091,515,0,roi_dic,117.77682,263
3092,515,0,roi_air,104.50328,0
3093,515,1,roi_bac,74.90216,22
3094,515,1,roi_dic,77.09098,780
3095,515,1,roi_air,74.81828,1
3096,516,0,roi_bac,169.31174,452
3097,516,0,roi_dic,118.0832,264
3098,516,0,roi_air,104.59122,0
3099,516,1,roi_bac,74.907845,25
3100,516,1,roi_dic,77.12178,769
3101,516,1,roi_air,74.88656,1
3102,517,0,roi_bac,169.15501,441
3103,517,0,roi_dic,118.19776,259
3104,517,0,roi_air,104.871925,0
3105,517,1,roi_bac,74.8976,24
3106,517,1,roi_dic,77.05951,776
3107,517,1,roi_air,74.80051,1
3108,518,0,roi_bac,169.29124,441
3109,518,0,roi_dic,118.558846,262
3110,518,0,roi_air,104.8624,0
3111,518,1,roi_bac,74.90177,24
3112,518,1,roi_dic,77.097725,796
3113,518,1,roi_air,74.825386,1
3114,519,0,roi_bac,169.49832,441
3115,519,0,roi_dic,118.60416,254
3116,519,0,roi_air,104.56006,0
3117,519,1,roi_bac,74.9203,25
3118,519,1,roi_dic,77.10642,813
3119,519,1,roi_air,74.88651,1
3120,520,0,roi_bac,168.7758,447
3121,520,0,roi_dic,118.68577,258
3122,520,0,roi_air,104.347824,0
3123,520,1,roi_bac,74.89386,26
3124,520,1,roi_dic,77.08094,776
3125,520,1,roi_air,74.833755,1
3126,521,0,roi_bac,169.10849,435
3127,521,0,roi_dic,118.88487,264
3128,521,0,roi_air,104.35533,0
3129,521,1,roi_bac,74.92537,26
3130,521,1,roi_dic,77.140526,759
3131,521,1,roi_air,74.88285,1
3132,522,0,roi_bac,169.0813,440
3133,522,0,roi_dic,119.072014,267
3134,522,0,roi_air,104.32698,0
3135,522,1,roi_bac,74.91057,27
3136,522,1,roi_dic,77.09898,762
3137,522,1,roi_air,74.86008,1
3138,523,0,roi_bac,168.63773,450
3139,523,0,roi_dic,119.26217,267
3140,523,0,roi_air,104.2005,0
3141,523,1,roi_bac,74.91115,27
3142,523,1,roi_dic,77.11189,797
3143,523,1,roi_air,74.80778,1
3144,524,0,roi_bac,169.86398,448
3145,524,0,roi_dic,119.8763,269
3146,524,0,roi_air,105.06207,0
3147,524,1,roi_bac,74.95887,26
3148,524,1,roi_dic,77.13451,827
3149,524,1,roi_air,74.87807,1
3150,525,0,roi_bac,168.61858,448
3151,525,0,roi_dic,119.57885,272
3152,525,0,roi_air,104.09398,0
3153,525,1,roi_bac,74.924225,27
3154,525,1,roi_dic,77.073456,794
3155,525,1,roi_air,74.8613,1
3156,526,0,roi_bac,169.0104,470
3157,526,0,roi_dic,120.088875,273
3158,526,0,roi_air,104.61284,0
3159,526,1,roi_bac,74.92016,27
3160,526,1,roi_dic,77.092,791
3161,526,1,roi_air,74.84885,1
3162,527,0,roi_bac,169.25595,441
3163,527,0,roi_dic,120.33651,278
3164,527,0,roi_air,104.351234,0
3165,527,1,roi_bac,74.91816,27
3166,527,1,roi_dic,77.11214,821
3167,527,1,roi_air,74.855125,1
3168,528,0,roi_bac,169.2211,445
3169,528,0,roi_dic,120.41205,272
3170,528,0,roi_air,104.697845,0
3171,528,1,roi_bac,74.928825,28
3172,528,1,roi_dic,77.09725,835
3173,528,1,roi_air,74.85575,1
3174,529,0,roi_bac,168.70448,464
3175,529,0,roi_dic,120.534256,271
3176,529,0,roi_air,104.056786,0
3177,529,1,roi_bac,74.9156,29
3178,529,1,roi_dic,77.11782,830
3179,529,1,roi_air,74.87686,1
3180,530,0,roi_bac,168.88162,463
3181,530,0,roi_dic,120.89057,269
3182,530,0,roi_air,104.27848,0
3183,530,1,roi_bac,74.93841,27
3184,530,1,roi_dic,77.10244,812
3185,530,1,roi_air,74.91514,1
3186,531,0,roi_bac,169.63022,456
3187,531,0,roi_dic,121.32892,266
3188,531,0,roi_air,104.87399,0
3189,531,1,roi_bac,74.9446,28
3190,531,1,roi_dic,77.10749,826
3191,531,1,roi_air,74.87292,1
3192,532,0,roi_bac,168.13683,485
3193,532,0,roi_dic,120.96253,277
3194,532,0,roi_air,103.70617,0
3195,532,1,roi_bac,74.886345,28
3196,532,1,roi_dic,77.05218,780
3197,532,1,roi_air,74.83699,1
3198,533,0,roi_bac,169.17604,496
3199,533,0,roi_dic,121.70049,266
3200,533,0,roi_air,104.612015,0
3201,533,1,roi_bac,74.945854,30
3202,533,1,roi_dic,77.10799,790
3203,533,1,roi_air,74.90209,1
3204,534,0,roi_bac,169.3179,490
3205,534,0,roi_dic,121.77184,269
3206,534,0,roi_air,104.39883,0
3207,534,1,roi_bac,74.93843,28
3208,534,1,roi_dic,77.10274,795
3209,534,1,roi_air,74.827194,1
3210,535,0,roi_bac,168.95619,520
3211,535,0,roi_dic,121.8001,272
3212,535,0,roi_air,104.17898,0
3213,535,1,roi_bac,74.933075,30
3214,535,1,roi_dic,77.08634,766
3215,535,1,roi_air,74.862885,1
3216,536,0,roi_bac,168.26805,511
3217,536,0,roi_dic,121.90993,285
3218,536,0,roi_air,103.67459,0
3219,536,1,roi_bac,74.92213,29
3220,536,1,roi_dic,77.095955,795
3221,536,1,roi_air,74.85437,1
3222,537,0,roi_bac,168.72876,510
3223,537,0,roi_dic,122.355804,272
3224,537,0,roi_air,104.09858,0
3225,537,1,roi_bac,74.93286,31
3226,537,1,roi_dic,77.08384,813
3227,537,1,roi_air,74.82468,1
3228,538,0,roi_bac,168.30586,526
3229,538,0,roi_dic,122.10508,277
3230,538,0,roi_air,103.60348,0
3231,538,1,roi_bac,74.92445,26
3232,538,1,roi_dic,77.06744,799
3233,538,1,roi_air,74.86546,1
3234,539,0,roi_bac,167.86938,550
3235,539,0,roi_dic,122.49604,284
3236,539,0,roi_air,103.4601,0
3237,539,1,roi_bac,74.90609,29
3238,539,1,roi_dic,77.07771,782
3239,539,1,roi_air,74.88247,1
3240,540,0,roi_bac,168.41675,522
3241,540,0,roi_dic,122.88513,286
3242,540,0,roi_air,103.86824,0
3243,540,1,roi_bac,74.93402,30
3244,540,1,roi_dic,77.08355,789
3245,540,1,roi_air,74.90338,1
3246,541,0,roi_bac,168.62677,534
3247,541,0,roi_dic,123.15099,291
3248,541,0,roi_air,103.78933,0
3249,541,1,roi_bac,74.97684,29
3250,541,1,roi_dic,77.122955,773
3251,541,1,roi_air,74.866196,1
3252,542,0,roi_bac,168.99956,525
3253,542,0,roi_dic,123.460464,291
3254,542,0,roi_air,104.02858,0
3255,542,1,roi_bac,74.95206,29
3256,542,1,roi_dic,77.0815,793
3257,542,1,roi_air,74.87157,1
3258,543,0,roi_bac,168.67583,548
3259,543,0,roi_dic,123.68832,295
3260,543,0,roi_air,104.106544,0
3261,543,1,roi_bac,74.9538,28
3262,543,1,roi_dic,77.09725,806
3263,543,1,roi_air,74.8599,1
3264,544,0,roi_bac,168.83565,534
3265,544,0,roi_dic,123.92339,289
3266,544,0,roi_air,104.07203,0
3267,544,1,roi_bac,74.95014,29
3268,544,1,roi_dic,77.11531,800
3269,544,1,roi_air,74.868,1
3270,545,0,roi_bac,168.59645,536
3271,545,0,roi_dic,123.85132,283
3272,545,0,roi_air,103.79115,0
3273,545,1,roi_bac,74.97625,29
3274,545,1,roi_dic,77.12156,795
3275,545,1,roi_air,74.89519,1
3276,546,0,roi_bac,168.11397,528
3277,546,0,roi_dic,123.96609,286
3278,546,0,roi_air,103.28043,0
3279,546,1,roi_bac,74.93784,32
3280,546,1,roi_dic,77.0875,771
3281,546,1,roi_air,74.85259,1
3282,547,0,roi_bac,168.56306,543
3283,547,0,roi_dic,124.46817,289
3284,547,0,roi_air,103.847916,0
3285,547,1,roi_bac,74.95936,31
3286,547,1,roi_dic,77.10666,809
3287,547,1,roi_air,74.84898,1
3288,548,0,roi_bac,168.1083,532
3289,548,0,roi_dic,124.52795,288
3290,548,0,roi_air,103.22788,0
3291,548,1,roi_bac,74.989426,32
3292,548,1,roi_dic,77.12379,796
3293,548,1,roi_air,74.915825,1
3294,549,0,roi_bac,168.0957,537
3295,549,0,roi_dic,124.62806,281
3296,549,0,roi_air,103.26074,0
3297,549,1,roi_bac,74.97546,32
3298,549,1,roi_dic,77.10246,806
3299,549,1,roi_air,74.90323,1
3300,550,0,roi_bac,167.61803,553
3301,550,0,roi_dic,124.82915,282
3302,550,0,roi_air,103.04318,0
3303,550,1,roi_bac,74.94977,30
3304,550,1,roi_dic,77.10922,784
3305,550,1,roi_air,74.89106,1
3306,551,0,roi_bac,168.05753,558
3307,551,0,roi_dic,125.180504,292
3308,551,0,roi_air,103.44637,0
3309,551,1,roi_bac,74.96669,30
3310,551,1,roi_dic,77.12138,783
3311,551,1,roi_air,74.88139,1
3312,552,0,roi_bac,169.05974,552
3313,552,0,roi_dic,125.74535,289
3314,552,0,roi_air,104.04344,0
3315,552,1,roi_bac,74.996254,32
3316,552,1,roi_dic,77.13528,790
3317,552,1,roi_air,74.92517,1
3318,553,0,roi_bac,168.32692,568
3319,553,0,roi_dic,125.69516,288
3320,553,0,roi_air,103.60056,0
3321,553,1,roi_bac,74.930954,33
3322,553,1,roi_dic,77.06677,799
3323,553,1,roi_air,74.85445,1
3324,554,0,roi_bac,167.59828,564
3325,554,0,roi_dic,125.706604,288
3326,554,0,roi_air,103.2068,0
3327,554,1,roi_bac,74.95941,32
3328,554,1,roi_dic,77.12285,799
3329,554,1,roi_air,74.883835,1
3330,555,0,roi_bac,168.2763,564
3331,555,0,roi_dic,126.06877,294
3332,555,0,roi_air,103.546364,0
3333,555,1,roi_bac,75.003044,33
3334,555,1,roi_dic,77.12707,788
3335,555,1,roi_air,74.93495,1
3336,556,0,roi_bac,167.81279,551
3337,556,0,roi_dic,126.026245,289
3338,556,0,roi_air,103.11694,0
3339,556,1,roi_bac,74.98532,33
3340,556,1,roi_dic,77.08848,820
3341,556,1,roi_air,74.88287,1
3342,557,0,roi_bac,167.8608,562
3343,557,0,roi_dic,126.40468,308
3344,557,0,roi_air,103.264885,0
3345,557,1,roi_bac,74.955795,32
3346,557,1,roi_dic,77.100105,794
3347,557,1,roi_air,74.89606,1
3348,558,0,roi_bac,168.18675,584
3349,558,0,roi_dic,126.72855,304
3350,558,0,roi_air,103.18155,0
3351,558,1,roi_bac,74.95095,31
3352,558,1,roi_dic,77.08516,780
3353,558,1,roi_air,74.8764,1
3354,559,0,roi_bac,167.28085,585
3355,559,0,roi_dic,126.58116,316
3356,559,0,roi_air,102.713844,0
3357,559,1,roi_bac,74.94697,33
3358,559,1,roi_dic,77.09342,788
3359,559,1,roi_air,74.84403,1
3360,560,0,roi_bac,168.48433,580
3361,560,0,roi_dic,127.26505,302
3362,560,0,roi_air,103.547424,0
3363,560,1,roi_bac,75.00444,31
3364,560,1,roi_dic,77.12637,777
3365,560,1,roi_air,74.955215,1
3366,561,0,roi_bac,168.13528,561
3367,561,0,roi_dic,127.36868,306
3368,561,0,roi_air,103.27159,0
3369,561,1,roi_bac,74.93609,33
3370,561,1,roi_dic,77.049286,783
3371,561,1,roi_air,74.8405,1
3372,562,0,roi_bac,167.64249,586
3373,562,0,roi_dic,127.55096,305
3374,562,0,roi_air,103.16029,0
3375,562,1,roi_bac,74.95666,33
3376,562,1,roi_dic,77.08147,762
3377,562,1,roi_air,74.8631,1
3378,563,0,roi_bac,168.04396,595
3379,563,0,roi_dic,127.60958,302
3380,563,0,roi_air,103.29856,0
3381,563,1,roi_bac,74.97977,33
3382,563,1,roi_dic,77.060425,774
3383,563,1,roi_air,74.84733,1
3384,564,0,roi_bac,167.62238,603
3385,564,0,roi_dic,127.83861,301
3386,564,0,roi_air,103.00214,0
3387,564,1,roi_bac,74.95193,34
3388,564,1,roi_dic,77.065956,787
3389,564,1,roi_air,74.85765,1
3390,565,0,roi_bac,167.69722,595
3391,565,0,roi_dic,128.14047,307
3392,565,0,roi_air,103.01685,0
3393,565,1,roi_bac,74.98728,32
3394,565,1,roi_dic,77.10523,789
3395,565,1,roi_air,74.86617,1
3396,566,0,roi_bac,167.67026,613
3397,566,0,roi_dic,128.22281,308
3398,566,0,roi_air,103.11069,0
3399,566,1,roi_bac,74.97423,34
3400,566,1,roi_dic,77.06971,793
3401,566,1,roi_air,74.8503,1
3402,567,0,roi_bac,166.8781,601
3403,567,0,roi_dic,128.18669,302
3404,567,0,roi_air,102.306946,0
3405,567,1,roi_bac,74.92531,33
3406,567,1,roi_dic,77.08679,796
3407,567,1,roi_air,74.89917,1
3408,568,0,roi_bac,167.73352,624
3409,568,0,roi_dic,128.69542,298
3410,568,0,roi_air,102.85963,0
3411,568,1,roi_bac,74.97661,34
3412,568,1,roi_dic,77.08733,794
3413,568,1,roi_air,74.85021,1
3414,569,0,roi_bac,167.43867,589
3415,569,0,roi_dic,128.90387,313
3416,569,0,roi_air,102.77995,0
3417,569,1,roi_bac,74.9395,35
3418,569,1,roi_dic,77.03988,786
3419,569,1,roi_air,74.85998,1
3420,570,0,roi_bac,166.79108,605
3421,570,0,roi_dic,128.93777,298
3422,570,0,roi_air,102.232,0
3423,570,1,roi_bac,74.95216,34
3424,570,1,roi_dic,77.08611,746
3425,570,1,roi_air,74.865456,1
3426,571,0,roi_bac,167.1219,618
3427,571,0,roi_dic,129.1239,296
3428,571,0,roi_air,102.28588,0
3429,571,1,roi_bac,74.95802,32
3430,571,1,roi_dic,77.0657,774
3431,571,1,roi_air,74.83587,1
3432,572,0,roi_bac,166.4321,605
3433,572,0,roi_dic,129.24048,291
3434,572,0,roi_air,102.046814,0
3435,572,1,roi_bac,74.92838,31
3436,572,1,roi_dic,77.06624,772
3437,572,1,roi_air,74.81578,1
3438,573,0,roi_bac,166.13646,614
3439,573,0,roi_dic,129.34827,294
3440,573,0,roi_air,101.846016,0
3441,573,1,roi_bac,74.94245,31
3442,573,1,roi_dic,77.06604,771
3443,573,1,roi_air,74.90417,1
3444,574,0,roi_bac,166.77048,601
3445,574,0,roi_dic,129.49513,306
3446,574,0,roi_air,102.05066,0
3447,574,1,roi_bac,74.93958,31
3448,574,1,roi_dic,77.05835,788
3449,574,1,roi_air,74.85739,1
3450,575,0,roi_bac,166.24132,624
3451,575,0,roi_dic,129.86789,309
3452,575,0,roi_air,101.83127,0
3453,575,1,roi_bac,74.93994,35
3454,575,1,roi_dic,77.06696,733
3455,575,1,roi_air,74.901695,1
3456,576,0,roi_bac,166.57733,624
3457,576,0,roi_dic,130.14262,304
3458,576,0,roi_air,101.942154,0
3459,576,1,roi_bac,74.94943,33
3460,576,1,roi_dic,77.05865,780
3461,576,1,roi_air,74.84756,1
3462,577,0,roi_bac,166.42502,608
3463,577,0,roi_dic,130.1907,313
3464,577,0,roi_air,101.84335,0
3465,577,1,roi_bac,74.96727,37
3466,577,1,roi_dic,77.04986,768
3467,577,1,roi_air,74.884705,1
3468,578,0,roi_bac,166.33148,621
3469,578,0,roi_dic,130.47485,308
3470,578,0,roi_air,101.73289,0
3471,578,1,roi_bac,74.95464,35
3472,578,1,roi_dic,77.06694,753
3473,578,1,roi_air,74.8631,1
3474,579,0,roi_bac,166.27312,636
3475,579,0,roi_dic,130.72157,317
3476,579,0,roi_air,101.71864,0
3477,579,1,roi_bac,74.96269,36
3478,579,1,roi_dic,77.06644,754
3479,579,1,roi_air,74.83609,1
3480,580,0,roi_bac,166.54625,622
3481,580,0,roi_dic,130.9993,314
3482,580,0,roi_air,101.681335,0
3483,580,1,roi_bac,74.95724,37
3484,580,1,roi_dic,77.03421,767
3485,580,1,roi_air,74.91021,1
3486,581,0,roi_bac,166.05423,654
3487,581,0,roi_dic,131.11163,307
3488,581,0,roi_air,101.456825,0
3489,581,1,roi_bac,74.95488,35
3490,581,1,roi_dic,77.04449,741
3491,581,1,roi_air,74.883064,1
3492,582,0,roi_bac,166.2417,655
3493,582,0,roi_dic,131.42839,315
3494,582,0,roi_air,101.62143,0
3495,582,1,roi_bac,74.98957,38
3496,582,1,roi_dic,77.09136,762
3497,582,1,roi_air,74.87338,1
3498,583,0,roi_bac,166.25272,640
3499,583,0,roi_dic,131.71384,313
3500,583,0,roi_air,101.556755,0
3501,583,1,roi_bac,74.96949,40
3502,583,1,roi_dic,77.0729,781
3503,583,1,roi_air,74.91453,1
3504,584,0,roi_bac,166.3546,644
3505,584,0,roi_dic,131.75105,315
3506,584,0,roi_air,101.51935,0
3507,584,1,roi_bac,74.98968,38
3508,584,1,roi_dic,77.03782,745
3509,584,1,roi_air,74.890945,1
3510,585,0,roi_bac,165.67992,681
3511,585,0,roi_dic,131.76065,306
3512,585,0,roi_air,101.31496,0
3513,585,1,roi_bac,74.95403,37
3514,585,1,roi_dic,77.014404,807
3515,585,1,roi_air,74.87982,1
3516,586,0,roi_bac,166.02037,684
3517,586,0,roi_dic,132.39038,322
3518,586,0,roi_air,101.37369,0
3519,586,1,roi_bac,74.9864,39
3520,586,1,roi_dic,77.06215,752
3521,586,1,roi_air,74.86914,1
3522,587,0,roi_bac,166.27205,667
3523,587,0,roi_dic,132.5184,327
3524,587,0,roi_air,101.433525,0
3525,587,1,roi_bac,74.99247,38
3526,587,1,roi_dic,77.063866,761
3527,587,1,roi_air,74.92085,1
3528,588,0,roi_bac,165.85893,679
3529,588,0,roi_dic,132.67676,315
3530,588,0,roi_air,101.2559,0
3531,588,1,roi_bac,74.94888,39
3532,588,1,roi_dic,77.01869,763
3533,588,1,roi_air,74.90699,1
3534,589,0,roi_bac,165.68452,682
3535,589,0,roi_dic,132.83234,323
3536,589,0,roi_air,101.15683,0
3537,589,1,roi_bac,74.96817,38
3538,589,1,roi_dic,77.05469,772
3539,589,1,roi_air,74.89444,1
3540,590,0,roi_bac,166.01787,671
3541,590,0,roi_dic,133.20161,328
3542,590,0,roi_air,101.239235,0
3543,590,1,roi_bac,74.996376,39
3544,590,1,roi_dic,77.074,771
3545,590,1,roi_air,74.87754,1
3546,591,0,roi_bac,165.8972,700
3547,591,0,roi_dic,133.2715,331
3548,591,0,roi_air,101.18069,0
3549,591,1,roi_bac,74.98419,39
3550,591,1,roi_dic,77.046646,760
3551,591,1,roi_air,74.89256,1
3552,592,0,roi_bac,165.47563,669
3553,592,0,roi_dic,133.58331,337
3554,592,0,roi_air,100.96901,0
3555,592,1,roi_bac,74.97142,40
3556,592,1,roi_dic,77.03676,782
3557,592,1,roi_air,74.84688,1
3558,593,0,roi_bac,165.81128,685
3559,593,0,roi_dic,133.97044,331
3560,593,0,roi_air,101.05662,0
3561,593,1,roi_bac,74.98372,39
3562,593,1,roi_dic,77.0639,777
3563,593,1,roi_air,74.92181,1
3564,594,0,roi_bac,165.80702,672
3565,594,0,roi_dic,133.88727,334
3566,594,0,roi_air,101.00983,0
3567,594,1,roi_bac,74.97946,38
3568,594,1,roi_dic,77.05377,791
3569,594,1,roi_air,74.88481,1
3570,595,0,roi_bac,165.31949,704
3571,595,0,roi_dic,134.06567,328
3572,595,0,roi_air,100.76151,0
3573,595,1,roi_bac,74.94642,40
3574,595,1,roi_dic,76.9962,743
3575,595,1,roi_air,74.89538,1
3576,596,0,roi_bac,165.65758,727
3577,596,0,roi_dic,134.30678,337
3578,596,0,roi_air,100.89218,0
3579,596,1,roi_bac,74.93675,41
3580,596,1,roi_dic,77.03622,778
3581,596,1,roi_air,74.90165,1
3582,597,0,roi_bac,165.74464,714
3583,597,0,roi_dic,134.49995,333
3584,597,0,roi_air,100.81247,0
3585,597,1,roi_bac,74.983315,40
3586,597,1,roi_dic,77.02282,765
3587,597,1,roi_air,74.922325,1
3588,598,0,roi_bac,165.39848,716
3589,598,0,roi_dic,134.76236,330
3590,598,0,roi_air,100.76702,0
3591,598,1,roi_bac,74.95495,40
3592,598,1,roi_dic,77.021,739
3593,598,1,roi_air,74.88836,1
3594,599,0,roi_bac,165.3697,719
3595,599,0,roi_dic,134.91498,323
3596,599,0,roi_air,100.68414,0
3597,599,1,roi_bac,74.98795,40
3598,599,1,roi_dic,77.03259,744
3599,599,1,roi_air,74.84801,1
3600,600,0,roi_bac,165.623,695
3601,600,0,roi_dic,135.05855,334
3602,600,0,roi_air,100.72069,0
3603,600,1,roi_bac,74.98447,40
3604,600,1,roi_dic,77.046974,733
3605,600,1,roi_air,74.920944,1
3606,601,0,roi_bac,165.09886,750
3607,601,0,roi_dic,135.31233,326
3608,601,0,roi_air,100.493866,0
3609,601,1,roi_bac,74.983574,39
3610,601,1,roi_dic,77.01687,729
3611,601,1,roi_air,74.89859,1
3612,602,0,roi_bac,165.37476,767
3613,602,0,roi_dic,135.54668,327
3614,602,0,roi_air,100.51959,0
3615,602,1,roi_bac,74.988785,41
3616,602,1,roi_dic,77.03075,709
3617,602,1,roi_air,74.88202,1
3618,603,0,roi_bac,165.35547,740
3619,603,0,roi_dic,135.80582,336
3620,603,0,roi_air,100.523384,0
3621,603,1,roi_bac,74.99207,38
3622,603,1,roi_dic,77.04649,750
3623,603,1,roi_air,74.902016,1
3624,604,0,roi_bac,165.28117,733
3625,604,0,roi_dic,135.6187,323
3626,604,0,roi_air,100.42693,0
3627,604,1,roi_bac,74.97443,38
3628,604,1,roi_dic,77.02844,739
3629,604,1,roi_air,74.90663,1
3630,605,0,roi_bac,165.0867,757
3631,605,0,roi_dic,136.11821,326
3632,605,0,roi_air,100.36109,0
3633,605,1,roi_bac,74.96288,39
3634,605,1,roi_dic,77.012695,735
3635,605,1,roi_air,74.90237,1
3636,606,0,roi_bac,165.5591,741
3637,606,0,roi_dic,136.5542,324
3638,606,0,roi_air,100.59093,0
3639,606,1,roi_bac,74.98416,39
3640,606,1,roi_dic,77.03519,759
3641,606,1,roi_air,74.87344,1
3642,607,0,roi_bac,164.61163,746
3643,607,0,roi_dic,136.43088,327
3644,607,0,roi_air,100.08537,0
3645,607,1,roi_bac,74.97116,41
3646,607,1,roi_dic,76.99511,771
3647,607,1,roi_air,74.88109,1
3648,608,0,roi_bac,164.72336,735
3649,608,0,roi_dic,136.50035,336
3650,608,0,roi_air,100.00037,0
3651,608,1,roi_bac,74.99914,39
3652,608,1,roi_dic,77.03445,737
3653,608,1,roi_air,74.87884,1
3654,609,0,roi_bac,165.06711,760
3655,609,0,roi_dic,136.8505,333
3656,609,0,roi_air,100.13541,0
3657,609,1,roi_bac,74.993576,40
3658,609,1,roi_dic,77.017746,734
3659,609,1,roi_air,74.90898,1
3660,610,0,roi_bac,165.03961,766
3661,610,0,roi_dic,137.02971,327
3662,610,0,roi_air,100.08234,0
3663,610,1,roi_bac,74.972305,40
3664,610,1,roi_dic,76.983345,764
3665,610,1,roi_air,74.89443,1
3666,611,0,roi_bac,164.73839,771
3667,611,0,roi_dic,137.28131,338
3668,611,0,roi_air,100.0063,0
3669,611,1,roi_bac,74.964424,38
3670,611,1,roi_dic,76.9961,746
3671,611,1,roi_air,74.81999,1
3672,612,0,roi_bac,165.09492,743
3673,612,0,roi_dic,137.55423,342
3674,612,0,roi_air,99.98205,0
3675,612,1,roi_bac,74.97786,39
3676,612,1,roi_dic,77.00055,721
3677,612,1,roi_air,74.87,1
3678,613,0,roi_bac,164.71407,752
3679,613,0,roi_dic,137.62044,334
3680,613,0,roi_air,99.84607,0
3681,613,1,roi_bac,74.966446,41
3682,613,1,roi_dic,76.99003,743
3683,613,1,roi_air,74.885994,1
3684,614,0,roi_bac,165.19185,754
3685,614,0,roi_dic,137.9915,348
3686,614,0,roi_air,99.879715,0
3687,614,1,roi_bac,74.98832,39
3688,614,1,roi_dic,77.001144,769
3689,614,1,roi_air,74.88873,1
3690,615,0,roi_bac,165.09126,769
3691,615,0,roi_dic,138.19402,334
3692,615,0,roi_air,100.19539,0
3693,615,1,roi_bac,74.97208,38
3694,615,1,roi_dic,76.95352,729
3695,615,1,roi_air,74.884995,1
3696,616,0,roi_bac,164.85925,758
3697,616,0,roi_dic,138.1517,331
3698,616,0,roi_air,99.893684,0
3699,616,1,roi_bac,74.985725,40
3700,616,1,roi_dic,76.98564,758
3701,616,1,roi_air,74.90224,1
3702,617,0,roi_bac,165.50032,782
3703,617,0,roi_dic,138.74748,343
3704,617,0,roi_air,100.27228,0
3705,617,1,roi_bac,75.011345,37
3706,617,1,roi_dic,76.99724,745
3707,617,1,roi_air,74.9258,1
3708,618,0,roi_bac,164.68318,780
3709,618,0,roi_dic,138.76921,346
3710,618,0,roi_air,99.74626,0
3711,618,1,roi_bac,74.94838,37
3712,618,1,roi_dic,76.9552,713
3713,618,1,roi_air,74.89389,1
3714,619,0,roi_bac,164.51985,799
3715,619,0,roi_dic,138.96957,348
3716,619,0,roi_air,99.46238,0
3717,619,1,roi_bac,74.98365,38
3718,619,1,roi_dic,76.97362,745
3719,619,1,roi_air,74.90693,1
3720,620,0,roi_bac,165.51479,770
3721,620,0,roi_dic,139.36502,331
3722,620,0,roi_air,100.12423,0
3723,620,1,roi_bac,74.984634,38
3724,620,1,roi_dic,76.96834,726
3725,620,1,roi_air,74.875046,1
3726,621,0,roi_bac,164.78458,779
3727,621,0,roi_dic,139.37329,341
3728,621,0,roi_air,99.806,0
3729,621,1,roi_bac,74.99102,38
3730,621,1,roi_dic,76.967926,727
3731,621,1,roi_air,74.89884,1
3732,622,0,roi_bac,165.5933,769
3733,622,0,roi_dic,139.81905,323
3734,622,0,roi_air,100.18109,0
3735,622,1,roi_bac,74.9705,41
3736,622,1,roi_dic,76.95042,720
3737,622,1,roi_air,74.87267,1
3738,623,0,roi_bac,164.62097,772
3739,623,0,roi_dic,139.77231,348
3740,623,0,roi_air,99.710526,0
3741,623,1,roi_bac,74.965096,41
3742,623,1,roi_dic,76.92581,733
3743,623,1,roi_air,74.861,1
3744,624,0,roi_bac,164.9672,793
3745,624,0,roi_dic,140.134,339
3746,624,0,roi_air,99.72776,0
3747,624,1,roi_bac,74.99242,39
3748,624,1,roi_dic,76.974556,733
3749,624,1,roi_air,74.87986,1
3750,625,0,roi_bac,165.64941,790
3751,625,0,roi_dic,140.52367,347
3752,625,0,roi_air,99.974945,0
3753,625,1,roi_bac,75.004524,39
3754,625,1,roi_dic,76.96583,739
3755,625,1,roi_air,74.92764,1
3756,626,0,roi_bac,164.63885,797
3757,626,0,roi_dic,140.44167,354
3758,626,0,roi_air,99.61441,0
3759,626,1,roi_bac,74.972824,40
3760,626,1,roi_dic,76.96369,721
3761,626,1,roi_air,74.860794,1
3762,627,0,roi_bac,165.11874,806
3763,627,0,roi_dic,140.96594,351
3764,627,0,roi_air,99.6383,0
3765,627,1,roi_bac,74.98901,38
3766,627,1,roi_dic,76.96638,730
3767,627,1,roi_air,74.90389,1
3768,628,0,roi_bac,164.89311,799
3769,628,0,roi_dic,140.80309,360
3770,628,0,roi_air,99.31802,0
3771,628,1,roi_bac,75.00057,40
3772,628,1,roi_dic,76.954445,712
3773,628,1,roi_air,74.86497,1
3774,629,0,roi_bac,164.25789,783
3775,629,0,roi_dic,140.89722,364
3776,629,0,roi_air,98.79249,0
3777,629,1,roi_bac,74.96023,42
3778,629,1,roi_dic,76.95777,734
3779,629,1,roi_air,74.85382,1
3780,630,0,roi_bac,165.05757,808
3781,630,0,roi_dic,141.40111,338
3782,630,0,roi_air,99.26016,0
3783,630,1,roi_bac,74.98824,42
3784,630,1,roi_dic,76.94911,761
3785,630,1,roi_air,74.84889,1
3786,631,0,roi_bac,164.22708,809
3787,631,0,roi_dic,141.38481,346
3788,631,0,roi_air,98.94388,0
3789,631,1,roi_bac,74.94793,43
3790,631,1,roi_dic,76.92619,724
3791,631,1,roi_air,74.89024,1
3792,632,0,roi_bac,164.50876,785
3793,632,0,roi_dic,141.36546,345
3794,632,0,roi_air,98.90093,0
3795,632,1,roi_bac,74.990486,40
3796,632,1,roi_dic,76.961296,741
3797,632,1,roi_air,74.89324,1
3798,633,0,roi_bac,164.5976,811
3799,633,0,roi_dic,142.02007,344
3800,633,0,roi_air,99.073715,0
3801,633,1,roi_bac,74.96296,41
3802,633,1,roi_dic,76.93597,724
3803,633,1,roi_air,74.86126,1
3804,634,0,roi_bac,164.33405,796
3805,634,0,roi_dic,141.95593,340
3806,634,0,roi_air,98.8066,0
3807,634,1,roi_bac,74.987526,40
3808,634,1,roi_dic,76.93749,728
3809,634,1,roi_air,74.85082,1
3810,635,0,roi_bac,164.00517,833
3811,635,0,roi_dic,142.17906,355
3812,635,0,roi_air,98.72629,0
3813,635,1,roi_bac,74.98089,42
3814,635,1,roi_dic,76.943924,754
3815,635,1,roi_air,74.90075,1
3816,636,0,roi_bac,164.3905,825
3817,636,0,roi_dic,142.4836,339
3818,636,0,roi_air,98.730774,0
3819,636,1,roi_bac,74.97203,42
3820,636,1,roi_dic,76.93065,750
3821,636,1,roi_air,74.89562,1
3822,637,0,roi_bac,163.78983,834
3823,637,0,roi_dic,142.59749,358
3824,637,0,roi_air,98.46189,0
3825,637,1,roi_bac,74.95875,39
3826,637,1,roi_dic,76.904205,730
3827,637,1,roi_air,74.830284,1
3828,638,0,roi_bac,164.07487,844
3829,638,0,roi_dic,142.9439,340
3830,638,0,roi_air,98.6127,0
3831,638,1,roi_bac,74.98055,39
3832,638,1,roi_dic,76.936325,763
3833,638,1,roi_air,74.84587,1
3834,639,0,roi_bac,164.09947,803
3835,639,0,roi_dic,142.88202,359
3836,639,0,roi_air,98.58106,0
3837,639,1,roi_bac,74.97188,40
3838,639,1,roi_dic,76.87529,750
3839,639,1,roi_air,74.86379,1
3840,640,0,roi_bac,164.00641,830
3841,640,0,roi_dic,143.16441,346
3842,640,0,roi_air,98.489914,0
3843,640,1,roi_bac,75.00007,40
3844,640,1,roi_dic,76.91701,750
3845,640,1,roi_air,74.88678,1
3846,641,0,roi_bac,164.88805,830
3847,641,0,roi_dic,143.73953,347
3848,641,0,roi_air,99.03738,0
3849,641,1,roi_bac,74.99033,40
3850,641,1,roi_dic,76.924194,732
3851,641,1,roi_air,74.84739,1
3852,642,0,roi_bac,163.6322,826
3853,642,0,roi_dic,143.49478,361
3854,642,0,roi_air,98.282906,0
3855,642,1,roi_bac,74.97946,42
3856,642,1,roi_dic,76.924095,725
3857,642,1,roi_air,74.90644,1
3858,643,0,roi_bac,164.25839,827
3859,643,0,roi_dic,143.95894,359
3860,643,0,roi_air,98.6479,0
3861,643,1,roi_bac,75.00044,40
3862,643,1,roi_dic,76.90748,762
3863,643,1,roi_air,74.87041,1
3864,644,0,roi_bac,163.64265,861
3865,644,0,roi_dic,143.99866,348
3866,644,0,roi_air,98.23531,0
3867,644,1,roi_bac,74.95614,41
3868,644,1,roi_dic,76.88067,752
3869,644,1,roi_air,74.844124,1
3870,645,0,roi_bac,164.25429,851
3871,645,0,roi_dic,144.51048,340
3872,645,0,roi_air,98.551796,0
3873,645,1,roi_bac,74.986855,39
3874,645,1,roi_dic,76.91749,756
3875,645,1,roi_air,74.85495,1
3876,646,0,roi_bac,163.42154,879
3877,646,0,roi_dic,144.15314,349
3878,646,0,roi_air,98.08635,0
3879,646,1,roi_bac,74.974815,40
3880,646,1,roi_dic,76.871414,755
3881,646,1,roi_air,74.83257,1
3882,647,0,roi_bac,163.67593,864
3883,647,0,roi_dic,144.67676,339
3884,647,0,roi_air,98.08474,0
3885,647,1,roi_bac,74.9912,41
3886,647,1,roi_dic,76.89073,787
3887,647,1,roi_air,74.89271,1
3888,648,0,roi_bac,164.29623,861
3889,648,0,roi_dic,144.88936,349
3890,648,0,roi_air,98.46907,0
3891,648,1,roi_bac,74.99009,42
3892,648,1,roi_dic,76.906265,749
3893,648,1,roi_air,74.91234,1
3894,649,0,roi_bac,163.54695,834
3895,649,0,roi_dic,145.10931,346
3896,649,0,roi_air,98.03137,0
3897,649,1,roi_bac,74.96886,40
3898,649,1,roi_dic,76.88554,742
3899,649,1,roi_air,74.85709,1
3900,650,0,roi_bac,163.64389,883
3901,650,0,roi_dic,145.29877,355
3902,650,0,roi_air,97.92683,0
3903,650,1,roi_bac,74.98527,40
3904,650,1,roi_dic,76.893394,747
3905,650,1,roi_air,74.91097,1
3906,651,0,roi_bac,163.37042,872
3907,651,0,roi_dic,145.38696,358
3908,651,0,roi_air,97.898285,0
3909,651,1,roi_bac,74.97698,40
3910,651,1,roi_dic,76.887474,758
3911,651,1,roi_air,74.82166,1
3912,652,0,roi_bac,163.64551,882
3913,652,0,roi_dic,145.75552,343
3914,652,0,roi_air,97.94214,0
3915,652,1,roi_bac,74.98855,39
3916,652,1,roi_dic,76.89767,723
3917,652,1,roi_air,74.805916,1
3918,653,0,roi_bac,163.60304,875
3919,653,0,roi_dic,145.86742,362
3920,653,0,roi_air,97.86949,0
3921,653,1,roi_bac,74.95669,37
3922,653,1,roi_dic,76.85031,722
3923,653,1,roi_air,74.84851,1
3924,654,0,roi_bac,163.48747,872
3925,654,0,roi_dic,146.11662,354
3926,654,0,roi_air,97.775185,0
3927,654,1,roi_bac,74.96975,40
3928,654,1,roi_dic,76.89138,738
3929,654,1,roi_air,74.87439,1
3930,655,0,roi_bac,163.38812,870
3931,655,0,roi_dic,146.12027,357
3932,655,0,roi_air,97.87573,0
3933,655,1,roi_bac,74.980034,38
3934,655,1,roi_dic,76.89041,733
3935,655,1,roi_air,74.87882,1
3936,656,0,roi_bac,164.07231,868
3937,656,0,roi_dic,146.60736,349
3938,656,0,roi_air,98.04774,0
3939,656,1,roi_bac,75.00825,41
3940,656,1,roi_dic,76.93121,719
3941,656,1,roi_air,74.889755,1
3942,657,0,roi_bac,163.6531,864
3943,657,0,roi_dic,146.61497,361
3944,657,0,roi_air,97.98049,0
3945,657,1,roi_bac,74.99064,40
3946,657,1,roi_dic,76.88861,747
3947,657,1,roi_air,74.86911,1
3948,658,0,roi_bac,163.85574,871
3949,658,0,roi_dic,146.93924,360
3950,658,0,roi_air,98.04989,0
3951,658,1,roi_bac,75.018456,38
3952,658,1,roi_dic,76.91411,733
3953,658,1,roi_air,74.88736,1
3954,659,0,roi_bac,163.90556,867
3955,659,0,roi_dic,147.00871,355
3956,659,0,roi_air,98.01386,0
3957,659,1,roi_bac,74.95951,35
3958,659,1,roi_dic,76.85308,751
3959,659,1,roi_air,74.80658,1
3960,660,0,roi_bac,163.67918,871
3961,660,0,roi_dic,147.1795,375
3962,660,0,roi_air,97.95557,0
3963,660,1,roi_bac,74.990746,38
3964,660,1,roi_dic,76.88772,763
3965,660,1,roi_air,74.88565,1
3966,661,0,roi_bac,164.19096,858
3967,661,0,roi_dic,147.71205,370
3968,661,0,roi_air,98.04146,0
3969,661,1,roi_bac,75.00174,41
3970,661,1,roi_dic,76.89584,761
3971,661,1,roi_air,74.82783,1
3972,662,0,roi_bac,163.1593,866
3973,662,0,roi_dic,147.40503,353
3974,662,0,roi_air,97.29624,0
3975,662,1,roi_bac,74.96555,41
3976,662,1,roi_dic,76.86156,751
3977,662,1,roi_air,74.86273,1
3978,663,0,roi_bac,163.8602,864
3979,663,0,roi_dic,147.99567,364
3980,663,0,roi_air,97.74478,0
3981,663,1,roi_bac,75.01226,42
3982,663,1,roi_dic,76.897285,731
3983,663,1,roi_air,74.84549,1
3984,664,0,roi_bac,163.26749,867
3985,664,0,roi_dic,147.70691,371
3986,664,0,roi_air,97.22148,0
3987,664,1,roi_bac,74.951,38
3988,664,1,roi_dic,76.85211,745
3989,664,1,roi_air,74.87491,1
3990,665,0,roi_bac,163.72626,874
3991,665,0,roi_dic,148.44823,351
3992,665,0,roi_air,97.440765,0
3993,665,1,roi_bac,75.00563,40
3994,665,1,roi_dic,76.86999,720
3995,665,1,roi_air,74.872406,1
3996,666,0,roi_bac,163.21358,880
3997,666,0,roi_dic,148.35986,358
3998,666,0,roi_air,97.16346,0
3999,666,1,roi_bac,74.96211,40
4000,666,1,roi_dic,76.82622,743
4001,666,1,roi_air,74.84515,1
4002,667,0,roi_bac,163.53667,891
4003,667,0,roi_dic,148.8153,348
4004,667,0,roi_air,97.575775,0
4005,667,1,roi_bac,74.978836,43
4006,667,1,roi_dic,76.85223,743
4007,667,1,roi_air,74.88361,1
4008,668,0,roi_bac,163.7669,894
4009,668,0,roi_dic,149.17134,375
4010,668,0,roi_air,97.43484,0
4011,668,1,roi_bac,74.9876,42
4012,668,1,roi_dic,76.88598,766
4013,668,1,roi_air,74.907455,1
4014,669,0,roi_bac,163.18138,876
4015,669,0,roi_dic,149.15067,375
4016,669,0,roi_air,97.067856,0
4017,669,1,roi_bac,74.96589,43
4018,669,1,roi_dic,76.843575,742
4019,669,1,roi_air,74.85559,1
4020,670,0,roi_bac,163.51103,890
4021,670,0,roi_dic,149.16216,382
4022,670,0,roi_air,97.08434,0
4023,670,1,roi_bac,74.96165,44
4024,670,1,roi_dic,76.81507,753
4025,670,1,roi_air,74.87527,1
4026,671,0,roi_bac,163.31073,891
4027,671,0,roi_dic,149.56053,374
4028,671,0,roi_air,97.222176,0
4029,671,1,roi_bac,74.988106,40
4030,671,1,roi_dic,76.82416,746
4031,671,1,roi_air,74.834015,1
4032,672,0,roi_bac,163.80045,873
4033,672,0,roi_dic,149.73384,368
4034,672,0,roi_air,97.27073,0
4035,672,1,roi_bac,74.98438,39
4036,672,1,roi_dic,76.85371,737
4037,672,1,roi_air,74.84069,1
4038,673,0,roi_bac,163.78778,878
4039,673,0,roi_dic,150.11922,364
4040,673,0,roi_air,97.31665,0
4041,673,1,roi_bac,74.98579,44
4042,673,1,roi_dic,76.85798,719
4043,673,1,roi_air,74.826584,1
4044,674,0,roi_bac,163.91798,893
4045,674,0,roi_dic,150.19711,361
4046,674,0,roi_air,97.34947,0
4047,674,1,roi_bac,74.97132,42
4048,674,1,roi_dic,76.81299,756
4049,674,1,roi_air,74.80574,1
4050,675,0,roi_bac,163.54712,900
4051,675,0,roi_dic,150.52777,383
4052,675,0,roi_air,97.23371,0
4053,675,1,roi_bac,74.97064,45
4054,675,1,roi_dic,76.849144,733
4055,675,1,roi_air,74.80159,1
4056,676,0,roi_bac,163.67111,899
4057,676,0,roi_dic,150.70934,370
4058,676,0,roi_air,97.1889,0
4059,676,1,roi_bac,74.973404,42
4060,676,1,roi_dic,76.81727,750
4061,676,1,roi_air,74.821106,1
4062,677,0,roi_bac,163.56937,870
4063,677,0,roi_dic,150.87617,373
4064,677,0,roi_air,97.18216,0
4065,677,1,roi_bac,74.96081,43
4066,677,1,roi_dic,76.81964,729
4067,677,1,roi_air,74.80336,1
4068,678,0,roi_bac,163.7156,905
4069,678,0,roi_dic,151.01158,374
4070,678,0,roi_air,96.80625,0
4071,678,1,roi_bac,74.98156,42
4072,678,1,roi_dic,76.85919,741
4073,678,1,roi_air,74.84835,1
4074,679,0,roi_bac,163.64041,872
4075,679,0,roi_dic,151.28203,368
4076,679,0,roi_air,96.8575,0
4077,679,1,roi_bac,75.00319,45
4078,679,1,roi_dic,76.84598,729
4079,679,1,roi_air,74.83247,1
4080,680,0,roi_bac,163.97137,907
4081,680,0,roi_dic,151.75224,379
4082,680,0,roi_air,97.07178,0
4083,680,1,roi_bac,74.967834,45
4084,680,1,roi_dic,76.84432,731
4085,680,1,roi_air,74.837776,1
4086,681,0,roi_bac,164.01707,923
4087,681,0,roi_dic,152.0852,385
4088,681,0,roi_air,97.00142,0
4089,681,1,roi_bac,75.0028,46
4090,681,1,roi_dic,76.82096,710
4091,681,1,roi_air,74.86549,1
4092,682,0,roi_bac,163.5669,900
4093,682,0,roi_dic,151.90134,385
4094,682,0,roi_air,96.89808,0
4095,682,1,roi_bac,74.99068,48
4096,682,1,roi_dic,76.836586,725
4097,682,1,roi_air,74.879105,1
4098,683,0,roi_bac,163.86302,897
4099,683,0,roi_dic,152.59543,381
4100,683,0,roi_air,96.62633,0
4101,683,1,roi_bac,74.98658,44
4102,683,1,roi_dic,76.84883,720
4103,683,1,roi_air,74.823204,1
4104,684,0,roi_bac,164.05507,891
4105,684,0,roi_dic,152.75473,400
4106,684,0,roi_air,96.84066,0
4107,684,1,roi_bac,74.96255,43
4108,684,1,roi_dic,76.84221,709
4109,684,1,roi_air,74.84308,1
4110,685,0,roi_bac,163.62863,903
4111,685,0,roi_dic,152.94928,377
4112,685,0,roi_air,96.62802,0
4113,685,1,roi_bac,74.98246,47
4114,685,1,roi_dic,76.84276,701
4115,685,1,roi_air,74.83239,1
4116,686,0,roi_bac,164.00653,904
4117,686,0,roi_dic,152.99059,379
4118,686,0,roi_air,96.7603,0
4119,686,1,roi_bac,74.995575,42
4120,686,1,roi_dic,76.86232,715
4121,686,1,roi_air,74.85585,1
4122,687,0,roi_bac,163.63206,903
4123,687,0,roi_dic,153.35461,386
4124,687,0,roi_air,96.33896,0
4125,687,1,roi_bac,74.98249,44
4126,687,1,roi_dic,76.81688,680
4127,687,1,roi_air,74.87238,1
4128,688,0,roi_bac,163.54149,894
4129,688,0,roi_dic,153.66937,390
4130,688,0,roi_air,96.31697,0
4131,688,1,roi_bac,74.973465,43
4132,688,1,roi_dic,76.862656,699
4133,688,1,roi_air,74.88425,1
4134,689,0,roi_bac,163.83934,919
4135,689,0,roi_dic,154.0491,389
4136,689,0,roi_air,96.36953,0
4137,689,1,roi_bac,74.98186,47
4138,689,1,roi_dic,76.8773,733
4139,689,1,roi_air,74.824615,1
4140,690,0,roi_bac,163.5881,919
4141,690,0,roi_dic,154.11255,380
4142,690,0,roi_air,96.2306,0
4143,690,1,roi_bac,74.97196,45
4144,690,1,roi_dic,76.85733,696
4145,690,1,roi_air,74.85153,1
4146,691,0,roi_bac,164.21906,931
4147,691,0,roi_dic,154.65306,384
4148,691,0,roi_air,96.89707,0
4149,691,1,roi_bac,75.00498,45
4150,691,1,roi_dic,76.88744,689
4151,691,1,roi_air,74.82255,1
4152,692,0,roi_bac,163.88487,889
4153,692,0,roi_dic,154.63936,393
4154,692,0,roi_air,96.23627,0
4155,692,1,roi_bac,74.98577,51
4156,692,1,roi_dic,76.86179,690
4157,692,1,roi_air,74.83189,1
4158,693,0,roi_bac,163.76024,925
4159,693,0,roi_dic,155.02576,382
4160,693,0,roi_air,96.52515,0
4161,693,1,roi_bac,74.991646,46
4162,693,1,roi_dic,76.85932,701
4163,693,1,roi_air,74.847534,1
4164,694,0,roi_bac,163.81633,919
4165,694,0,roi_dic,155.25296,393
4166,694,0,roi_air,96.283424,0
4167,694,1,roi_bac,74.99743,47
4168,694,1,roi_dic,76.86556,712
4169,694,1,roi_air,74.83664,1
4170,695,0,roi_bac,163.74153,902
4171,695,0,roi_dic,155.0341,383
4172,695,0,roi_air,96.09518,0
4173,695,1,roi_bac,75.00959,42
4174,695,1,roi_dic,76.86625,724
4175,695,1,roi_air,74.856575,1
4176,696,0,roi_bac,163.47894,938
4177,696,0,roi_dic,155.78908,408
4178,696,0,roi_air,96.05571,0
4179,696,1,roi_bac,74.98866,42
4180,696,1,roi_dic,76.85687,715
4181,696,1,roi_air,74.85189,1
4182,697,0,roi_bac,163.84558,934
4183,697,0,roi_dic,155.9381,394
4184,697,0,roi_air,96.1647,0
4185,697,1,roi_bac,75.00459,46
4186,697,1,roi_dic,76.85136,716
4187,697,1,roi_air,74.85758,1
4188,698,0,roi_bac,163.70467,933
4189,698,0,roi_dic,156.02464,392
4190,698,0,roi_air,96.050514,0
4191,698,1,roi_bac,74.996185,44
4192,698,1,roi_dic,76.84847,705
4193,698,1,roi_air,74.83904,1
4194,699,0,roi_bac,163.18091,932
4195,699,0,roi_dic,156.36868,394
4196,699,0,roi_air,95.90308,0
4197,699,1,roi_bac,74.95364,43
4198,699,1,roi_dic,76.82841,695
4199,699,1,roi_air,74.802925,1
4200,700,0,roi_bac,163.72137,922
4201,700,0,roi_dic,156.6144,372
4202,700,0,roi_air,95.972595,0
4203,700,1,roi_bac,75.01535,44
4204,700,1,roi_dic,76.89058,699
4205,700,1,roi_air,74.839424,1
4206,701,0,roi_bac,163.84854,917
4207,701,0,roi_dic,156.6083,389
4208,701,0,roi_air,96.17393,0
4209,701,1,roi_bac,74.97967,43
4210,701,1,roi_dic,76.8452,681
4211,701,1,roi_air,74.88639,1
4212,702,0,roi_bac,163.63985,933
4213,702,0,roi_dic,157.01546,389
4214,702,0,roi_air,95.93641,0
4215,702,1,roi_bac,74.998566,42
4216,702,1,roi_dic,76.87664,673
4217,702,1,roi_air,74.88931,1
4218,703,0,roi_bac,164.00253,922
4219,703,0,roi_dic,157.3048,406
4220,703,0,roi_air,96.0132,0
4221,703,1,roi_bac,74.95697,42
4222,703,1,roi_dic,76.83447,696
4223,703,1,roi_air,74.830475,1
4224,704,0,roi_bac,163.84532,939
4225,704,0,roi_dic,157.38585,389
4226,704,0,roi_air,96.14434,0
4227,704,1,roi_bac,74.98051,46
4228,704,1,roi_dic,76.82372,710
4229,704,1,roi_air,74.840675,1
4230,705,0,roi_bac,163.92577,927
4231,705,0,roi_dic,157.87677,405
4232,705,0,roi_air,96.191765,0
4233,705,1,roi_bac,75.00374,46
4234,705,1,roi_dic,76.85788,703
4235,705,1,roi_air,74.86451,1
4236,706,0,roi_bac,164.35716,936
4237,706,0,roi_dic,158.07356,393
4238,706,0,roi_air,96.327774,0
4239,706,1,roi_bac,75.017845,47
4240,706,1,roi_dic,76.86061,706
4241,706,1,roi_air,74.868004,1
4242,707,0,roi_bac,164.1807,945
4243,707,0,roi_dic,158.0762,393
4244,707,0,roi_air,96.31822,0
4245,707,1,roi_bac,74.9951,46
4246,707,1,roi_dic,76.81941,701
4247,707,1,roi_air,74.83689,1
4248,708,0,roi_bac,163.2741,941
4249,708,0,roi_dic,158.09103,400
4250,708,0,roi_air,95.59995,0
4251,708,1,roi_bac,74.986855,50
4252,708,1,roi_dic,76.84092,706
4253,708,1,roi_air,74.833275,1
4254,709,0,roi_bac,163.66266,963
4255,709,0,roi_dic,158.26144,391
4256,709,0,roi_air,95.67376,0
4257,709,1,roi_bac,75.00005,45
4258,709,1,roi_dic,76.838234,681
4259,709,1,roi_air,74.82025,1
4260,710,0,roi_bac,163.79855,948
4261,710,0,roi_dic,158.35565,401
4262,710,0,roi_air,95.95979,0
4263,710,1,roi_bac,74.99094,48
4264,710,1,roi_dic,76.7867,703
4265,710,1,roi_air,74.8045,1
4266,711,0,roi_bac,163.41104,967
4267,711,0,roi_dic,158.2719,398
4268,711,0,roi_air,95.72654,0
4269,711,1,roi_bac,74.97708,49
4270,711,1,roi_dic,76.8027,730
4271,711,1,roi_air,74.86129,1
4272,712,0,roi_bac,163.91129,951
4273,712,0,roi_dic,158.91045,399
4274,712,0,roi_air,95.90835,0
4275,712,1,roi_bac,74.999435,47
4276,712,1,roi_dic,76.809395,737
4277,712,1,roi_air,74.870865,1
4278,713,0,roi_bac,163.95851,950
4279,713,0,roi_dic,158.87749,409
4280,713,0,roi_air,95.99738,0
4281,713,1,roi_bac,74.966324,47
4282,713,1,roi_dic,76.78772,724
4283,713,1,roi_air,74.87399,1
4284,714,0,roi_bac,163.00424,955
4285,714,0,roi_dic,158.87894,399
4286,714,0,roi_air,95.35438,0
4287,714,1,roi_bac,74.961174,48
4288,714,1,roi_dic,76.77709,709
4289,714,1,roi_air,74.81541,1
4290,715,0,roi_bac,163.36568,954
4291,715,0,roi_dic,159.06209,401
4292,715,0,roi_air,95.41911,0
4293,715,1,roi_bac,74.9867,50
4294,715,1,roi_dic,76.8031,743
4295,715,1,roi_air,74.832504,1
4296,716,0,roi_bac,163.73247,937
4297,716,0,roi_dic,159.29448,398
4298,716,0,roi_air,95.77604,0
4299,716,1,roi_bac,74.98849,45
4300,716,1,roi_dic,76.79057,714
4301,716,1,roi_air,74.82016,1
4302,717,0,roi_bac,163.87086,945
4303,717,0,roi_dic,159.698,407
4304,717,0,roi_air,95.61196,0
4305,717,1,roi_bac,74.966446,45
4306,717,1,roi_dic,76.79486,715
4307,717,1,roi_air,74.82318,1
4308,718,0,roi_bac,163.2529,969
4309,718,0,roi_dic,159.3194,409
4310,718,0,roi_air,95.36241,0
4311,718,1,roi_bac,74.94495,44
4312,718,1,roi_dic,76.74773,707
4313,718,1,roi_air,74.775375,1
4314,719,0,roi_bac,163.43637,949
4315,719,0,roi_dic,159.80928,406
4316,719,0,roi_air,95.43348,0
4317,719,1,roi_bac,74.975266,45
4318,719,1,roi_dic,76.79762,709
4319,719,1,roi_air,74.86368,1
4320,720,0,roi_bac,164.14432,961
4321,720,0,roi_dic,159.935,418
4322,720,0,roi_air,95.92644,0
4323,720,1,roi_bac,74.98466,46
4324,720,1,roi_dic,76.801254,712
4325,720,1,roi_air,74.824455,1
